"INDIR","OUTDIR","FOLDER","IN FILE","CHANNEL","OFFSET","DURATION","OUT FILE FS","OUT FILE ZC","DATE","TIME","HOUR","DATE-12","TIME-12","HOUR-12","AUTO ID*","PULSES","MATCHING","MATCH RATIO","MARGIN","ALTERNATE 1","ALTERNATE 2","N","Fc","Sc","Dur","Fmax","Fmin","Fmean","TBC","Fk","Tk","S1","Tc","Qual","FILES","MANUAL ID","ORGID","USERID","REVIEW ORGID","REVIEW USERID","INPATHMD5","OUTPATHMD5FS","OUTPATHMD5ZC"
"C:\Offline\aspot_bats\validation_kaleidoscope\denmark\denmark","C:\Offline\aspot_bats\validation_kaleidoscope\denmark_out","","LAND8-LOT1_20230507_200529.wav","0","0","15","","","2023-05-07","20:05:29","20","2023-05-07","08:05:29","8","EPTSER","118","91","0.771","0.372714","VESMUR","","118","26.273","28.55","8.439","49.579","26.015","31.591","126.194","27.289","6.182","405.82","7.967","19.57","1","","","","","","8V2GndqDWQM8X2EjqpnHpw==","",""
"C:\Offline\aspot_bats\validation_kaleidoscope\denmark\denmark","C:\Offline\aspot_bats\validation_kaleidoscope\denmark_out","","LAND4_20230625_222921.wav","0","0","15","","","2023-06-25","22:29:21","22","2023-06-25","10:29:21","10","EPTSER","66","55","0.833","0.542406","VESMUR","","66","26.741","47.92","5.994","48.924","26.248","32.047","162.64","27.878","4.576","467.72","5.703","15.42","1","","","","","","fuom0XTZTlfqpR025MbtfA==","",""
"C:\Offline\aspot_bats\validation_kaleidoscope\denmark\denmark","C:\Offline\aspot_bats\validation_kaleidoscope\denmark_out","","LAND4_20230625_223259.wav","0","0","15","","","2023-06-25","22:32:59","22","2023-06-25","10:32:59","10","EPTSER","62","52","0.839","0.421115","VESMUR","MYOBEC","62","27.295","44.2","5.182","37.204","26.8","30.204","197.578","28.393","3.641","239.36","4.849","16.14","1","","","","","","GFcOlRdZwJ0awdmnukvuvg==","",""
"C:\Offline\aspot_bats\validation_kaleidoscope\denmark\denmark","C:\Offline\aspot_bats\validation_kaleidoscope\denmark_out","","LAND3_20230530_211935.wav","0","0","14.146667","","","2023-05-30","21:19:35","21","2023-05-30","09:19:35","9","EPTSER","46","36","0.783","0.31445","VESMUR","","46","25.587","25.48","7.214","38.153","25.316","28.755","208.967","26.402","5.352","254.21","6.827","7.54","1","","","","","","42h5zEBDGioYr1YRkJcXUQ==","",""
"C:\Offline\aspot_bats\validation_kaleidoscope\denmark\denmark","C:\Offline\aspot_bats\validation_kaleidoscope\denmark_out","","HUSBY_20250408_193929.wav","0","0","15","","","2025-04-08","19:39:29","19","2025-04-08","07:39:29","7","EPTSER","42","28","0.667","0.202982","NYCNOC","VESMUR","42","25.606","19.12","4.888","33.921","25.031","27.553","329.551","26.113","3.279","226.91","4.334","11.67","1","","","","","","CinOKazC+lw6YVqYeVQHag==","",""
"C:\Offline\aspot_bats\validation_kaleidoscope\denmark\denmark","C:\Offline\aspot_bats\validation_kaleidoscope\denmark_out","","LAND5_20230708_232216.wav","0","0","11.885333","","","2023-07-08","23:22:16","23","2023-07-08","11:22:16","11","EPTSER","45","28","0.622","0.368773","EPTNIL","","45","28.187","61.61","6.748","54.766","27.55","34.151","178.354","29.769","5.062","525.15","6.377","13.9","1","","","","","","0LbExB8vKuT5hGxDcfX/NQ==","",""
"C:\Offline\aspot_bats\validation_kaleidoscope\denmark\denmark","C:\Offline\aspot_bats\validation_kaleidoscope\denmark_out","","LAND8-LOT1_20230508_200613.wav","0","0","12.638667","","","2023-05-08","20:06:13","20","2023-05-08","08:06:13","8","EPTSER","56","27","0.482","0.50781","VESMUR","","56","28.03","69.27","4.675","60.116","27.97","36.044","160.149","29.501","3.626","584.97","4.641","12.06","1","","","","","","Zk/FpdDVaADX9xh1fyPbAw==","",""
"C:\Offline\aspot_bats\validation_kaleidoscope\denmark\denmark","C:\Offline\aspot_bats\validation_kaleidoscope\denmark_out","","MANDO_20241008_230440.wav","0","0","13.278667","","","2024-10-08","23:04:40","23","2024-10-08","11:04:40","11","EPTSER","24","21","0.875","0.38102","VESMUR","","24","25.631","19.54","5.995","33.718","25.216","27.577","297.426","26.225","4.262","263.25","5.474","6.17","1","","","","","","OgzmuQq5bY1BHBPlBv3LiA==","",""
"C:\Offline\aspot_bats\validation_kaleidoscope\denmark\denmark","C:\Offline\aspot_bats\validation_kaleidoscope\denmark_out","","BLAAVAND_20250320_212709.wav","0","0","12.224","","","2025-03-20","21:27:09","21","2025-03-20","09:27:09","9","EPTSER","23","19","0.826","0.413266","VESMUR","","23","26.414","26.04","7.331","41.863","26.145","29.991","308.181","27.305","5.172","357.54","6.969","6.06","1","","","","","","gshksGQqYypsQBCpYpzrDA==","",""
"C:\Offline\aspot_bats\validation_kaleidoscope\denmark\denmark","C:\Offline\aspot_bats\validation_kaleidoscope\denmark_out","","LAND10-LOT1_20230629_012546.wav","0","0","14.768","","","2023-06-29","01:25:46","1","2023-06-28","13:25:46","13","EPTSER","13","8","0.615","0.12298","VESMUR","","13","26.767","34.91","2.898","31.472","26.078","27.889","419.704","27.408","1.731","240.54","2.379","5.88","1","","","","","","VE/jNobu6iTup2uBKn1bOQ==","",""
"C:\Offline\aspot_bats\validation_kaleidoscope\denmark\denmark","C:\Offline\aspot_bats\validation_kaleidoscope\denmark_out","","LAND5_20230728_014558.wav","0","0","7.152","","","2023-07-28","01:45:58","1","2023-07-27","13:45:58","13","EPTSER","15","7","0.467","0.168008","MYOBEC","","15","31.022","77.1","4.768","44.008","29.287","34.87","289.297","34.064","3.143","209.83","4.355","4.15","1","","","","","","oNjH1DNJf3QvFcZESLy10A==","",""
"C:\Offline\aspot_bats\validation_kaleidoscope\denmark\denmark","C:\Offline\aspot_bats\validation_kaleidoscope\denmark_out","","LAND5_20230718_005542.wav","0","0","6.308","","","2023-07-18","00:55:42","0","2023-07-17","12:55:42","12","EPTSER","5","5","1","0.305162","VESMUR","MYOBEC","5","27.149","22.85","3.336","31.749","26.805","28.558","565.015","27.433","2.502","220.43","3.066","1.71","1","","","","","","UHL7AggRLlm+vH9AM6dQSQ==","",""
"C:\Offline\aspot_bats\validation_kaleidoscope\denmark\denmark","C:\Offline\aspot_bats\validation_kaleidoscope\denmark_out","","LAND5_20230725_014414.wav","0","0","11.690667","","","2023-07-25","01:44:14","1","2023-07-24","13:44:14","13","EPTSER","7","5","0.714","0.234048","EPTNIL","VESMUR","7","27.405","-3.32","4.017","32.568","27.015","28.842","377.984","27.602","2.911","245.62","3.538","2.97","1","","","","","","lBlR22DySHp937hAIWLuGg==","",""
"C:\Offline\aspot_bats\validation_kaleidoscope\denmark\denmark","C:\Offline\aspot_bats\validation_kaleidoscope\denmark_out","","LAND9-LOT1_20230723_013850.wav","0","0","13.617333","","","2023-07-23","01:38:50","1","2023-07-22","13:38:50","13","EPTSER","6","4","0.667","0.176106","VESMUR","","6","25.959","8.55","4.454","30.324","25.017","27.003","1708.982","26.201","2.576","120.23","3.444","1.66","1","","","","","","aofXdqYG3NQtQ0ikZRajtA==","",""
"C:\Offline\aspot_bats\validation_kaleidoscope\denmark\denmark","C:\Offline\aspot_bats\validation_kaleidoscope\denmark_out","","FANO_20241105_213759.wav","0","0","8.082667","","","2024-11-05","21:37:59","21","2024-11-05","09:37:59","9","EPTSER","5","3","0.6","0.288451","MYODAS","","5","34.661","150.76","2.373","48.137","32.767","38.967","168.165","37.025","1.496","305.31","2.106","1.29","1","","","","","","+hAPJOHIikKeAyGOjcXT5A==","",""
"C:\Offline\aspot_bats\validation_kaleidoscope\denmark\denmark","C:\Offline\aspot_bats\validation_kaleidoscope\denmark_out","","HUSBY_20230829_205258.wav","0","0","8.056","","","2023-08-29","20:52:58","20","2023-08-29","08:52:58","8","EPTSER","2","2","1","0.214075","VESMUR","MYOBEC","2","26.864","10.57","3.58","31.145","26.213","28.031","285.213","27.227","2.078","145.16","2.958","0.7","1","","","","","","w5m/hJaDrck/2/rwDT4T3A==","",""
"C:\Offline\aspot_bats\validation_kaleidoscope\denmark\denmark","C:\Offline\aspot_bats\validation_kaleidoscope\denmark_out","","NYMND-PLTG_20241023_170621.wav","0","0","10.274667","","","2024-10-23","17:06:21","17","2024-10-23","05:06:21","5","MYODAS","31","29","0.935","0.632629","MYOBEC","BARBAR","31","34.202","41.43","6.409","48.59","33.604","38.112","202.778","36.174","3.758","309.16","6.137","5.98","1","","","","","","QDQ0pFnw7Sm9taRAvBntFg==","",""
"C:\Offline\aspot_bats\validation_kaleidoscope\denmark\denmark","C:\Offline\aspot_bats\validation_kaleidoscope\denmark_out","","LAND2_20230428_212919.wav","0","0","12.116","","","2023-04-28","21:29:19","21","2023-04-28","09:29:19","9","MYODAS","40","24","0.6","0.173107","PIPNAT","BARBAR","40","36.107","14.98","5.064","41.799","35.567","37.365","228.719","37.174","2.047","153.79","4.456","6.94","1","","","","","","xHlPAwSXICOm8YAxRclrXQ==","",""
"C:\Offline\aspot_bats\validation_kaleidoscope\denmark\denmark","C:\Offline\aspot_bats\validation_kaleidoscope\denmark_out","","NYMND-PLTG_20241023_040457.wav","0","0","7.528","","","2024-10-23","04:04:57","4","2024-10-22","16:04:57","16","MYODAS","16","13","0.812","0.453399","","","16","33.712","64.16","4.502","47.33","33.569","38.067","294.597","35.639","3.038","291.2","4.346","2.35","1","","","","","","KyV5FEdgWeq8BXDu/ZC7zA==","",""
"C:\Offline\aspot_bats\validation_kaleidoscope\denmark\denmark","C:\Offline\aspot_bats\validation_kaleidoscope\denmark_out","","BLAAVAND_20230830_014704.wav","0","0","6.389333","","","2023-08-30","01:47:04","1","2023-08-29","13:47:04","13","MYODAS","13","11","0.846","0.438424","MYOBEC","MYODAU","13","36.508","183.18","3.1","59.107","35.016","43.775","250.737","43.851","1.443","386.99","2.84","2.68","1","","","","","","6tn97hjIAoAY1kQ9MoGs3Q==","",""
"C:\Offline\aspot_bats\validation_kaleidoscope\denmark\denmark","C:\Offline\aspot_bats\validation_kaleidoscope\denmark_out","","NYMND-PLTG_20231011_194825.wav","0","0","6.884","","","2023-10-11","19:48:25","19","2023-10-11","07:48:25","7","MYODAS","9","9","1","0.635693","MYODAU","","9","34.469","100.49","3.876","50.779","33.903","39.955","302.437","38.527","2.247","241.47","3.719","1.47","1","","","","","","fyKJDT7nEFkXG1qsvg8XJg==","",""
"C:\Offline\aspot_bats\validation_kaleidoscope\denmark\denmark","C:\Offline\aspot_bats\validation_kaleidoscope\denmark_out","","SKJERN_20250409_221312.wav","0","0","3.004","","","2025-04-09","22:13:12","22","2025-04-09","10:13:12","10","MYODAS","2","1","0.5","0.422894","BARBAR","","2","35.017","4.05","3.416","35.637","34.712","35.138","994.69","35.243","1.078","-30.23","3.302","0.67","1","","","","","","N9PYBud/CQO0BWcpkGsDvQ==","",""
"C:\Offline\aspot_bats\validation_kaleidoscope\denmark\denmark","C:\Offline\aspot_bats\validation_kaleidoscope\denmark_out","","LAND3_20230606_230738.wav","0","0","13.701333","","","2023-06-06","23:07:38","23","2023-06-06","11:07:38","11","MYODAU","76","38","0.5","0.301449","MYODAS","MYOBEC","76","42.894","132.11","3.956","67.12","36.84","48.152","132.317","48.803","1.78","453.52","2.914","18.65","1","","","","","","XO7Q4QL/bdYp1RjPIadn0Q==","",""
"C:\Offline\aspot_bats\validation_kaleidoscope\denmark\denmark","C:\Offline\aspot_bats\validation_kaleidoscope\denmark_out","","LAND9-LOT1_20230510_015740.wav","0","0","10.049333","","","2023-05-10","01:57:40","1","2023-05-09","13:57:40","13","MYODAU","33","30","0.909","0.516413","MYOBEC","MYODAS","33","42.855","142.25","3.704","63.659","36.296","47.079","200.212","48.321","1.581","410.17","2.633","9.84","1","","","","","","luXWbfr/HAHZ8bsEzy1+uA==","",""
"C:\Offline\aspot_bats\validation_kaleidoscope\denmark\denmark","C:\Offline\aspot_bats\validation_kaleidoscope\denmark_out","","BLAAVAND_20230829_190438.wav","0","0","10.538667","","","2023-08-29","19:04:38","19","2023-08-29","07:04:38","7","MYODAU","38","14","0.368","0.159755","MYOMYS","MYOBRA","38","44.579","249.98","2.828","74.308","37.39","52.129","148.968","54.007","1.118","583.57","2.175","8.54","1","","","","","","MUmnljM58teHKVbot57Yhg==","",""
"C:\Offline\aspot_bats\validation_kaleidoscope\denmark\denmark","C:\Offline\aspot_bats\validation_kaleidoscope\denmark_out","","LAND3_20230820_233355.wav","0","0","6.170667","","","2023-08-20","23:33:55","23","2023-08-20","11:33:55","11","MYODAU","12","8","0.667","0.303525","MYODAS","MYOBEC","12","39.561","128.54","3.165","53.103","37.495","43.711","203.603","45.556","1.227","319.61","2.706","2.35","1","","","","","","qsksp4Ot83RsHs9PDhRKhw==","",""
"C:\Offline\aspot_bats\validation_kaleidoscope\denmark\denmark","C:\Offline\aspot_bats\validation_kaleidoscope\denmark_out","","NYMND-PLTG_20241010_045358.wav","0","0","9.196","","","2024-10-10","04:53:58","4","2024-10-09","16:53:58","16","MYODAU","43","8","0.186","0.233344","MYODAS","MYOBEC","43","39.974","215.75","3.583","62.287","32.476","44.849","118.947","52.813","0.704","411.9","2.542","7.82","1","","","","","","+cwAY0z2l3ZM4d/R5PbiSQ==","",""
"C:\Offline\aspot_bats\validation_kaleidoscope\denmark\denmark","C:\Offline\aspot_bats\validation_kaleidoscope\denmark_out","","STADILO_20250402_220825.wav","0","0","7.1","","","2025-04-02","22:08:25","22","2025-04-02","10:08:25","10","MYODAU","11","5","0.455","0.305692","MYOBRA","","11","48.049","147.65","2.689","61.629","43.052","51.431","128.315","57.018","0.475","316.05","1.991","2.43","1","","","","","","gsGcN1dWMWbRI8njq8vDjA==","",""
"C:\Offline\aspot_bats\validation_kaleidoscope\denmark\denmark","C:\Offline\aspot_bats\validation_kaleidoscope\denmark_out","","STADILO_20250402_214504.wav","0","0","5.668","","","2025-04-02","21:45:04","21","2025-04-02","09:45:04","9","MYODAU","3","3","1","0.638565","MYOMYS","","3","44.631","111.02","2.874","52.039","40.075","45.786","363.259","51.018","0.179","207.27","1.914","1.13","1","","","","","","0ZovHgqgAmjJRWvyd13+0g==","",""
"C:\Offline\aspot_bats\validation_kaleidoscope\denmark\denmark","C:\Offline\aspot_bats\validation_kaleidoscope\denmark_out","","LAND5_20230806_022927.wav","0","0","4.573333","","","2023-08-06","02:29:27","2","2023-08-05","14:29:27","14","MYODAU","3","2","0.667","0.369752","MYOBEC","MYODAS","3","44.386","146.86","4.283","60.106","33.403","46.119","154.451","55.261","0.449","297.17","2.609","1.29","1","","","","","","ravgfnCTeVFGxe2n2gcIQQ==","",""
"C:\Offline\aspot_bats\validation_kaleidoscope\denmark\denmark","C:\Offline\aspot_bats\validation_kaleidoscope\denmark_out","","REJSBY_20250329_215116.wav","0","0","7.036","","","2025-03-29","21:51:16","21","2025-03-29","09:51:16","9","MYODAU","4","2","0.5","0.300279","MYOMYS","","4","43.74","202.67","2.816","63.31","37.943","48.428","545.461","53.708","0.687","453.13","2.149","1.35","1","","","","","","NI/IgQ6TkEqkHKie1vXF5w==","",""
"C:\Offline\aspot_bats\validation_kaleidoscope\denmark\denmark","C:\Offline\aspot_bats\validation_kaleidoscope\denmark_out","","LAND4_20230705_040655.wav","0","0","3.229333","","","2023-07-05","04:06:55","4","2023-07-04","16:06:55","16","NYCNOC","11","11","1","0.81228","","","11","17.666","5.17","5.378","18.036","17.445","17.746","121.77","17.771","2.567","-17.91","4.072","2.56","1","","","","","","OsLroYeqrOMWUVPBlYhAug==","",""
"C:\Offline\aspot_bats\validation_kaleidoscope\denmark\denmark","C:\Offline\aspot_bats\validation_kaleidoscope\denmark_out","","LAND8-LOT1_20230520_025141.wav","0","0","7.885333","","","2023-05-20","02:51:41","2","2023-05-19","14:51:41","14","NYCNOC","11","11","1","0.781147","","","11","18.569","0.31","6.022","19.056","17.936","18.514","465.826","18.563","1.42","11.21","2.683","3.93","1","","","","","","pb8pmCrECpXrWQavDu3DNQ==","",""
"C:\Offline\aspot_bats\validation_kaleidoscope\denmark\denmark","C:\Offline\aspot_bats\validation_kaleidoscope\denmark_out","","NYMND-PLTG_20241025_220930.wav","0","0","4.464","","","2024-10-25","22:09:30","22","2024-10-25","10:09:30","10","NYCNOC","3","3","1","0.533672","VESMUR","","3","23.888","20.82","3.346","24.903","23.339","23.995","887.394","24.345","0.874","96.08","1.986","1.32","1","","","","","","CdUM6GQSwswmtzxsy67nxg==","",""
"C:\Offline\aspot_bats\validation_kaleidoscope\denmark\denmark","C:\Offline\aspot_bats\validation_kaleidoscope\denmark_out","","BLAAVAND_20250320_183335.wav","0","0","3.209333","","","2025-03-20","18:33:35","18","2025-03-20","06:33:35","6","NoID","2","0","0","0","","","2","38.28","-16.85","2.997","38.758","37.39","38.009","203.769","38.189","0.731","41.56","1.99","0.77","1","","","","","","+y126KphUfBALkH632I9dQ==","",""
"C:\Offline\aspot_bats\validation_kaleidoscope\denmark\denmark","C:\Offline\aspot_bats\validation_kaleidoscope\denmark_out","","BLAAVAND_20230831_013141.wav","0","0","9.904","","","2023-08-31","01:31:41","1","2023-08-30","13:31:41","13","NoID","10","0","0","0","","","10","22.162","17.94","4.127","26.683","21.919","23.582","763.002","22.754","2.562","44.62","3.771","2.66","1","","","","","","AqB4h2Je7p3FJ7Z5tELxtg==","",""
"C:\Offline\aspot_bats\validation_kaleidoscope\denmark\denmark","C:\Offline\aspot_bats\validation_kaleidoscope\denmark_out","","BLAAVAND_20250320_214155.wav","0","0","10.478667","","","2025-03-20","21:41:55","21","2025-03-20","09:41:55","9","NoID","5","0","0","0","","","5","26.302","18.38","5.787","33.105","26.044","28.393","543.303","26.879","4.011","133.17","5.48","0.98","1","","","","","","nVS9MxO6XwvKltTNgxI8hA==","",""
"C:\Offline\aspot_bats\validation_kaleidoscope\denmark\denmark","C:\Offline\aspot_bats\validation_kaleidoscope\denmark_out","","HUSBY_20230829_191554.wav","0","0","4.489333","","","2023-08-29","19:15:54","19","2023-08-29","07:15:54","7","NoID","3","0","0","0","","","3","28.164","71.87","3.025","35.788","27.793","30.586","272.976","29.694","1.767","240.92","2.835","1.24","1","","","","","","+jjYCOEM/k94ceFFCTaGtg==","",""
"C:\Offline\aspot_bats\validation_kaleidoscope\denmark\denmark","C:\Offline\aspot_bats\validation_kaleidoscope\denmark_out","","HUSBY_20230829_191726.wav","0","0","7.545333","","","2023-08-29","19:17:26","19","2023-08-29","07:17:26","7","NoID","21","0","0","0","","","21","49.327","334.2","2.715","76.055","35.524","53.074","99.745","62.226","0.679","423.56","1.741","4.98","1","","","","","","Cb80ffgKIxwol1md2dhj+Q==","",""
"C:\Offline\aspot_bats\validation_kaleidoscope\denmark\denmark","C:\Offline\aspot_bats\validation_kaleidoscope\denmark_out","","HUSBY_20240620_210916.wav","0","0","3.566667","","","2024-06-20","21:09:16","21","2024-06-20","09:09:16","9","NoID","4","0","0","0","","","4","30.84","115.43","2.924","42.104","30.054","34.289","142.325","34.057","1.411","364.02","2.62","1.14","1","","","","","","YLkXqLqsjr2fzy7LDp0wWg==","",""
"C:\Offline\aspot_bats\validation_kaleidoscope\denmark\denmark","C:\Offline\aspot_bats\validation_kaleidoscope\denmark_out","","HUSBY_20240620_235943.wav","0","0","5.621333","","","2024-06-20","23:59:43","23","2024-06-20","11:59:43","11","NoID","3","0","0","0","","","3","38.473","48.12","2.42","40.069","38.343","39.118","1004.412","39.48","0.68","31.89","1.466","1.13","1","","","","","","Cijjyp/Ya4M9U5QbZJcnmg==","",""
"C:\Offline\aspot_bats\validation_kaleidoscope\denmark\denmark","C:\Offline\aspot_bats\validation_kaleidoscope\denmark_out","","HUSBY_20230829_214434.wav","0","0","15","","","2023-08-29","21:44:34","21","2023-08-29","09:44:34","9","NoID","10","0","0","0","","","10","25.478","5.6","7.534","31.765","24.775","26.821","1280.464","25.682","5.321","137.75","6.438","3.47","1","","","","","","L7TEPsGJf1hntDOEaR33KA==","",""
"C:\Offline\aspot_bats\validation_kaleidoscope\denmark\denmark","C:\Offline\aspot_bats\validation_kaleidoscope\denmark_out","","HUSBY_20250409_004313.wav","0","0","3.490667","","","2025-04-09","00:43:13","0","2025-04-08","12:43:13","12","NoID","2","0","0","0","","","2","42.441","28.61","3.002","47.913","42.329","43.973","158.593","43.608","1.369","138.13","2.718","0.51","1","","","","","","zTNoT1kjigtYhvKsUIBScw==","",""
"C:\Offline\aspot_bats\validation_kaleidoscope\denmark\denmark","C:\Offline\aspot_bats\validation_kaleidoscope\denmark_out","","HUSBY_20250409_230303.wav","0","0","4.746667","","","2025-04-09","23:03:03","23","2025-04-09","11:03:03","11","NoID","2","0","0","0","","","2","37.658","71.41","2.108","46.792","37.128","40.802","252.617","39.753","1.187","222.5","1.948","0.65","1","","","","","","Tv3IOVIWxKRZbHH3C6SoRA==","",""
"C:\Offline\aspot_bats\validation_kaleidoscope\denmark\denmark","C:\Offline\aspot_bats\validation_kaleidoscope\denmark_out","","HUSBY_20250409_004346.wav","0","0","10.568","","","2025-04-09","00:43:46","0","2025-04-08","12:43:46","12","NoID","52","0","0","0","","","52","37.281","28.97","3.83","46.46","36.59","39.166","136.448","37.942","2.045","308.69","3.137","11.12","1","","","","","","54FuMtaZwhFDdj/UZAJDzw==","",""
"C:\Offline\aspot_bats\validation_kaleidoscope\denmark\denmark","C:\Offline\aspot_bats\validation_kaleidoscope\denmark_out","","HUSBY_20250409_004404.wav","0","0","15","","","2025-04-09","00:44:04","0","2025-04-08","12:44:04","12","NoID","23","0","0","0","","","23","36.553","36.63","3.56","44.205","36.087","38.507","579.487","37.73","1.882","292.62","3.101","6.11","1","","","","","","NDg+F6Zc7/l6z9UteTCN0A==","",""
"C:\Offline\aspot_bats\validation_kaleidoscope\denmark\denmark","C:\Offline\aspot_bats\validation_kaleidoscope\denmark_out","","LAND1_20230628_005012.wav","0","0","3.446667","","","2023-06-28","00:50:12","0","2023-06-27","12:50:12","12","NoID","4","0","0","0","","","4","42.171","44.64","3.214","52.046","40.689","44.068","114.658","43.56","1.731","384.61","2.711","1.66","1","","","","","","NtZQlX0eTgfDpfqDJC2x3g==","",""
"C:\Offline\aspot_bats\validation_kaleidoscope\denmark\denmark","C:\Offline\aspot_bats\validation_kaleidoscope\denmark_out","","LAND4_20230812_015921.wav","0","0","7.908","","","2023-08-12","01:59:21","1","2023-08-11","13:59:21","13","NoID","9","0","0","0","","","9","22.247","-0.6","11.234","22.527","22.015","22.235","868.75","22.262","4.014","29.35","7.351","1.45","1","","","","","","RyK8x7g3K/Tkwlyw2KDr6A==","",""
"C:\Offline\aspot_bats\validation_kaleidoscope\denmark\denmark","C:\Offline\aspot_bats\validation_kaleidoscope\denmark_out","","LAND5_20230806_021128.wav","0","0","8.629333","","","2023-08-06","02:11:28","2","2023-08-05","14:11:28","14","NoID","2","0","0","0","","","2","43.013","105.17","2.234","46.138","38.372","42.109","2787.407","45.469","0.223","282.92","0.951","0.54","1","","","","","","pfRw5VXNQ239ipskL+97Hw==","",""
"C:\Offline\aspot_bats\validation_kaleidoscope\denmark\denmark","C:\Offline\aspot_bats\validation_kaleidoscope\denmark_out","","LAND5_20230828_234351.wav","0","0","6.38","","","2023-08-28","23:43:51","23","2023-08-28","11:43:51","11","NoID","23","0","0","0","","","23","41.388","171.31","3.237","63.897","36.567","47.317","135.375","49.477","1.212","505.81","2.6","5.99","1","","","","","","ztPBUQ5yzRVLHqfZ88Vw8A==","",""
"C:\Offline\aspot_bats\validation_kaleidoscope\denmark\denmark","C:\Offline\aspot_bats\validation_kaleidoscope\denmark_out","","LAND5_20230829_022720.wav","0","0","7.304","","","2023-08-29","02:27:20","2","2023-08-28","14:27:20","14","NoID","11","0","0","0","","","11","25.796","32.73","5.148","31.205","25.404","27.238","309.761","26.758","2.986","182.44","4.596","1.96","1","","","","","","OAtlEOGE/Px8qhPgYJ6eig==","",""
"C:\Offline\aspot_bats\validation_kaleidoscope\denmark\denmark","C:\Offline\aspot_bats\validation_kaleidoscope\denmark_out","","LAND9-LOT1_20230605_024156.wav","0","0","6.662667","","","2023-06-05","02:41:56","2","2023-06-04","14:41:56","14","NoID","2","0","0","0","","","2","18.498","-3.78","2.706","18.719","18.37","18.46","1290.786","18.414","0.755","36.15","2.489","0.49","1","","","","","","0qzZQg3Ah28JuXFPoPynnw==","",""
"C:\Offline\aspot_bats\validation_kaleidoscope\denmark\denmark","C:\Offline\aspot_bats\validation_kaleidoscope\denmark_out","","NS19-LOT1_20230916_023448.wav","0","0","8.624","","","2023-09-16","02:34:48","2","2023-09-15","14:34:48","14","NoID","6","0","0","0","","","6","41.262","145.63","2.251","69.502","40.517","47.754","70.645","45.256","1.212","889.99","2.152","1.56","1","","","","","","y40LVPTx6FBHjP58EHchdw==","",""
"C:\Offline\aspot_bats\validation_kaleidoscope\denmark\denmark","C:\Offline\aspot_bats\validation_kaleidoscope\denmark_out","","NS30_20230831_222903.wav","0","0","12.274","","","2023-08-31","22:29:03","22","2023-08-31","10:29:03","10","NoID","40","0","0","0","","","40","36.781","2.59","6.788","39.261","36.275","37.253","176.89","37.061","1.956","28.5","5.648","9.01","1","","","","","","VpluxUnM124j8Wu3mecdtQ==","",""
"C:\Offline\aspot_bats\validation_kaleidoscope\denmark\denmark","C:\Offline\aspot_bats\validation_kaleidoscope\denmark_out","","NS35_20230825_210618.wav","0","0","13.112","","","2023-08-25","21:06:18","21","2023-08-25","09:06:18","9","NoID","17","0","0","0","","","17","37.742","12.33","6.254","50.912","37.172","39.798","232.963","38.464","3.666","481.27","5.383","3.91","1","","","","","","uWwVzVPNSxNHyOydoFGqGw==","",""
"C:\Offline\aspot_bats\validation_kaleidoscope\denmark\denmark","C:\Offline\aspot_bats\validation_kaleidoscope\denmark_out","","NS6_20230909_001531.wav","0","0","11.832","","","2023-09-09","00:15:31","0","2023-09-08","12:15:31","12","NoID","26","0","0","0","","","26","35.755","10.75","4.811","38.131","35.568","36.385","127.87","36.536","1.41","101.95","4.284","7.15","1","","","","","","kGlW0MuhULHNM5UGw0m6PA==","",""
"C:\Offline\aspot_bats\validation_kaleidoscope\denmark\denmark","C:\Offline\aspot_bats\validation_kaleidoscope\denmark_out","","NYMND-PLTG_20241009_221309.wav","0","0","9.081333","","","2024-10-09","22:13:09","22","2024-10-09","10:13:09","10","NoID","32","0","0","0","","","32","37.895","32.21","5.093","48.537","37.55","40.096","192.26","39.451","2.123","327.12","4.397","5.81","1","","","","","","h3eOCcMqY7H6T+QTwZiQ/g==","",""
"C:\Offline\aspot_bats\validation_kaleidoscope\denmark\denmark","C:\Offline\aspot_bats\validation_kaleidoscope\denmark_out","","NYMND-PLTG_20241023_180614.wav","0","0","8.290667","","","2024-10-23","18:06:14","18","2024-10-23","06:06:14","6","NoID","2","0","0","0","","","2","37.651","141.34","2.561","47.212","35.195","41.369","1035.675","46.941","0.085","172.09","2.333","0.6","1","","","","","","BfRt2Qndkm9DCF1LPCdkBg==","",""
"C:\Offline\aspot_bats\validation_kaleidoscope\denmark\denmark","C:\Offline\aspot_bats\validation_kaleidoscope\denmark_out","","REJSBY_20250401_205222.wav","0","0","7.22","","","2025-04-01","20:52:22","20","2025-04-01","08:52:22","8","NoID","26","0","0","0","","","26","44.895","178.99","3.172","71.551","40.701","51.933","135.604","52.29","1.42","426.85","2.686","6.24","1","","","","","","AkZQ1uDcLlSkwuBA25oErQ==","",""
"C:\Offline\aspot_bats\validation_kaleidoscope\denmark\denmark","C:\Offline\aspot_bats\validation_kaleidoscope\denmark_out","","REJSBY_20250402_012558.wav","0","0","9.822667","","","2025-04-02","01:25:58","1","2025-04-01","13:25:58","13","NoID","23","0","0","0","","","23","44.67","196.76","3.825","72.886","36.586","51.034","172.917","52.904","1.527","446.4","2.755","5.34","1","","","","","","a6gi4W96tVI7GOrxsMyPDw==","",""
"C:\Offline\aspot_bats\validation_kaleidoscope\denmark\denmark","C:\Offline\aspot_bats\validation_kaleidoscope\denmark_out","","REJSBY_20250403_030007.wav","0","0","10.442667","","","2025-04-03","03:00:07","3","2025-04-02","15:00:07","15","NoID","22","0","0","0","","","22","42.021","185.79","3.597","70.808","35.477","48.316","156.917","46.868","1.873","569.82","2.664","6.34","1","","","","","","v7Jif2C3/8Sl8NqC8jTgOQ==","",""
"C:\Offline\aspot_bats\validation_kaleidoscope\denmark\denmark","C:\Offline\aspot_bats\validation_kaleidoscope\denmark_out","","ROEMOE_20230810_213203.wav","0","0","15","","","2023-08-10","21:32:03","21","2023-08-10","09:32:03","9","NoID","37","0","0","0","","","37","28.469","53.7","3.874","43.589","28.043","32.836","391.225","29.553","2.967","436.72","3.712","11.3","1","","","","","","FHju5Fmg+w7+7aBUZUfxFA==","",""
"C:\Offline\aspot_bats\validation_kaleidoscope\denmark\denmark","C:\Offline\aspot_bats\validation_kaleidoscope\denmark_out","","SKJERN_20250407_201527.wav","0","0","6.969333","","","2025-04-07","20:15:27","20","2025-04-07","08:15:27","8","NoID","11","0","0","0","","","11","38.807","111.62","2.635","48.282","37.528","42.076","375.456","42.355","1.251","249.97","2.335","2.39","1","","","","","","73jb3nc8Xvf15hHTM0RoCQ==","",""
"C:\Offline\aspot_bats\validation_kaleidoscope\denmark\denmark","C:\Offline\aspot_bats\validation_kaleidoscope\denmark_out","","STADILO_20250403_013233.wav","0","0","9.002667","","","2025-04-03","01:32:33","1","2025-04-02","13:32:33","13","NoID","30","0","0","0","","","30","47.908","275.68","2.823","79.561","38.419","55.34","150.033","58.399","1.067","477.3","2.107","6.53","1","","","","","","48qPXguH3aqMZfeSfzI2vg==","",""
"C:\Offline\aspot_bats\validation_kaleidoscope\denmark\denmark","C:\Offline\aspot_bats\validation_kaleidoscope\denmark_out","","T3-NS26C_20230907_201147.wav","0","0","13","","","2023-09-07","20:11:47","20","2023-09-07","08:11:47","8","NoID","4","0","0","0","","","4","21.38","3.12","12.96","22.018","21.322","21.583","413.116","21.615","6.567","11.14","10.957","0.86","1","","","","","","zbryYcWTmlogmzimY1Zv6Q==","",""
"C:\Offline\aspot_bats\validation_kaleidoscope\denmark\denmark","C:\Offline\aspot_bats\validation_kaleidoscope\denmark_out","","BALLUM_20231201_064139.wav","0","0","5.018","","","2023-12-01","06:41:39","6","2023-11-30","18:41:39","18","Noise","","","","","","","","","","","","","","","","","","","","1","","","","","","HpH7/y94IbgaCY/8NI1R4g==","",""
"C:\Offline\aspot_bats\validation_kaleidoscope\denmark\denmark","C:\Offline\aspot_bats\validation_kaleidoscope\denmark_out","","BLAAVAND_20230830_204553.wav","0","0","3.341333","","","2023-08-30","20:45:53","20","2023-08-30","08:45:53","8","Noise","","","","","","","","","","","","","","","","","","","","1","","","","","","wACT+7pQYfJqqs44GtYEUQ==","",""
"C:\Offline\aspot_bats\validation_kaleidoscope\denmark\denmark","C:\Offline\aspot_bats\validation_kaleidoscope\denmark_out","","BLAAVAND_20240122_162759.wav","0","0","5.473333","","","2024-01-22","16:27:59","16","2024-01-22","04:27:59","4","Noise","","","","","","","","","","","","","","","","","","","","1","","","","","","zzH35x3OT9BT5gAcKXuGBg==","",""
"C:\Offline\aspot_bats\validation_kaleidoscope\denmark\denmark","C:\Offline\aspot_bats\validation_kaleidoscope\denmark_out","","FANO_20230922_191751.wav","0","0","7.549333","","","2023-09-22","19:17:51","19","2023-09-22","07:17:51","7","Noise","","","","","","","","","","","","","","","","","","","","1","","","","","","b3FS+X+KsmkqsZuViJArdw==","",""
"C:\Offline\aspot_bats\validation_kaleidoscope\denmark\denmark","C:\Offline\aspot_bats\validation_kaleidoscope\denmark_out","","HR-A-A05_20230526_210658.wav","0","0","5.365333","","","2023-05-26","21:06:58","21","2023-05-26","09:06:58","9","Noise","","","","","","","","","","","","","","","","","","","","1","","","","","","b/6675ILhGEJG59fsG7EUQ==","",""
"C:\Offline\aspot_bats\validation_kaleidoscope\denmark\denmark","C:\Offline\aspot_bats\validation_kaleidoscope\denmark_out","","HR3-4S-C_20230428_005647.wav","0","0","13","","","2023-04-28","00:56:47","0","2023-04-27","12:56:47","12","Noise","","","","","","","","","","","","","","","","","","","","1","","","","","","voKQo5LURO5d0r4EL4jNAw==","",""
"C:\Offline\aspot_bats\validation_kaleidoscope\denmark\denmark","C:\Offline\aspot_bats\validation_kaleidoscope\denmark_out","","HR-X_20231031_005702.wav","0","0","15","","","2023-10-31","00:57:02","0","2023-10-30","12:57:02","12","Noise","","","","","","","","","","","","","","","","","","","","1","","","","","","amEIbtz9ai9c1Lf4Dq85fg==","",""
"C:\Offline\aspot_bats\validation_kaleidoscope\denmark\denmark","C:\Offline\aspot_bats\validation_kaleidoscope\denmark_out","","HR-V_20231114_055918.wav","0","0","15","","","2023-11-14","05:59:18","5","2023-11-13","17:59:18","17","Noise","","","","","","","","","","","","","","","","","","","","1","","","","","","yU1642i2gcnPjk0rebYj+A==","",""
"C:\Offline\aspot_bats\validation_kaleidoscope\denmark\denmark","C:\Offline\aspot_bats\validation_kaleidoscope\denmark_out","","HUSBY_20230829_190440.wav","0","0","4.298667","","","2023-08-29","19:04:40","19","2023-08-29","07:04:40","7","Noise","","","","","","","","","","","","","","","","","","","","1","","","","","","KurMsbV8neYQ3/Oa15lhQA==","",""
"C:\Offline\aspot_bats\validation_kaleidoscope\denmark\denmark","C:\Offline\aspot_bats\validation_kaleidoscope\denmark_out","","HR-F01_20230618_214002.wav","0","0","15","","","2023-06-18","21:40:02","21","2023-06-18","09:40:02","9","Noise","","","","","","","","","","","","","","","","","","","","1","","","","","","dmHI3TCBv6WTtblsHnvdKA==","",""
"C:\Offline\aspot_bats\validation_kaleidoscope\denmark\denmark","C:\Offline\aspot_bats\validation_kaleidoscope\denmark_out","","HR3-X_20230908_033321.wav","0","0","9.972","","","2023-09-08","03:33:21","3","2023-09-07","15:33:21","15","Noise","","","","","","","","","","","","","","","","","","","","1","","","","","","wI6xjuDBHIzQt5YXWFMftQ==","",""
"C:\Offline\aspot_bats\validation_kaleidoscope\denmark\denmark","C:\Offline\aspot_bats\validation_kaleidoscope\denmark_out","","HR3-X_20231009_024216.wav","0","0","9.956","","","2023-10-09","02:42:16","2","2023-10-08","14:42:16","14","Noise","","","","","","","","","","","","","","","","","","","","1","","","","","","3M4Ba8t0oZC8B5a1qCL/Kw==","",""
"C:\Offline\aspot_bats\validation_kaleidoscope\denmark\denmark","C:\Offline\aspot_bats\validation_kaleidoscope\denmark_out","","HUSBY_20240620_231845.wav","0","0","3.246667","","","2024-06-20","23:18:45","23","2024-06-20","11:18:45","11","Noise","","","","","","","","","","","","","","","","","","","","1","","","","","","wAU/aHFVvbsOM5jMbw3OWw==","",""
"C:\Offline\aspot_bats\validation_kaleidoscope\denmark\denmark","C:\Offline\aspot_bats\validation_kaleidoscope\denmark_out","","HUSBY_20231012_034740.wav","0","0","5.530667","","","2023-10-12","03:47:40","3","2023-10-11","15:47:40","15","Noise","","","","","","","","","","","","","","","","","","","","1","","","","","","Na5JcE2eZyQbPJDp2GIzqA==","",""
"C:\Offline\aspot_bats\validation_kaleidoscope\denmark\denmark","C:\Offline\aspot_bats\validation_kaleidoscope\denmark_out","","HUSBY_20240621_004854.wav","0","0","3.402667","","","2024-06-21","00:48:54","0","2024-06-20","12:48:54","12","Noise","","","","","","","","","","","","","","","","","","","","1","","","","","","Bo+4U1VgNYAPxry5JTrVig==","",""
"C:\Offline\aspot_bats\validation_kaleidoscope\denmark\denmark","C:\Offline\aspot_bats\validation_kaleidoscope\denmark_out","","HUSBY_20250408_193109.wav","0","0","3.241333","","","2025-04-08","19:31:09","19","2025-04-08","07:31:09","7","Noise","","","","","","","","","","","","","","","","","","","","1","","","","","","Z1TO13gvQS8BJnHFsO1MtA==","",""
"C:\Offline\aspot_bats\validation_kaleidoscope\denmark\denmark","C:\Offline\aspot_bats\validation_kaleidoscope\denmark_out","","KAMMER_20231127_064750.wav","0","0","6.386","","","2023-11-27","06:47:50","6","2023-11-26","18:47:50","18","Noise","","","","","","","","","","","","","","","","","","","","1","","","","","","dGUDLPHAPqLhk/BrPtJUyw==","",""
"C:\Offline\aspot_bats\validation_kaleidoscope\denmark\denmark","C:\Offline\aspot_bats\validation_kaleidoscope\denmark_out","","KAMMER_20241010_020222.wav","0","0","7.514667","","","2024-10-10","02:02:22","2","2024-10-09","14:02:22","14","Noise","","","","","","","","","","","","","","","","","","","","1","","","","","","nYc2YyoQDvQqSYmQabRmvg==","",""
"C:\Offline\aspot_bats\validation_kaleidoscope\denmark\denmark","C:\Offline\aspot_bats\validation_kaleidoscope\denmark_out","","LAND-BALLUM_20230426_044413.wav","0","0","5.422667","","","2023-04-26","04:44:13","4","2023-04-25","16:44:13","16","Noise","","","","","","","","","","","","","","","","","","","","1","","","","","","S12m5p9CX8Uh80uG3QhMWQ==","",""
"C:\Offline\aspot_bats\validation_kaleidoscope\denmark\denmark","C:\Offline\aspot_bats\validation_kaleidoscope\denmark_out","","KAMMER_20241010_022007.wav","0","0","7.076","","","2024-10-10","02:20:07","2","2024-10-09","14:20:07","14","Noise","","","","","","","","","","","","","","","","","","","","1","","","","","","e6GXRDT/gJfwvvTTL2BNdQ==","",""
"C:\Offline\aspot_bats\validation_kaleidoscope\denmark\denmark","C:\Offline\aspot_bats\validation_kaleidoscope\denmark_out","","LAND10-LOT1_20230628_001954.wav","0","0","3.005333","","","2023-06-28","00:19:54","0","2023-06-27","12:19:54","12","Noise","","","","","","","","","","","","","","","","","","","","1","","","","","","ht+eI1a1klZauFMaUhGnIQ==","",""
"C:\Offline\aspot_bats\validation_kaleidoscope\denmark\denmark","C:\Offline\aspot_bats\validation_kaleidoscope\denmark_out","","LAND10-LOT1_20230628_002339.wav","0","0","4.237333","","","2023-06-28","00:23:39","0","2023-06-27","12:23:39","12","Noise","","","","","","","","","","","","","","","","","","","","1","","","","","","JkOTjoisBlqTOff0qetCrA==","",""
"C:\Offline\aspot_bats\validation_kaleidoscope\denmark\denmark","C:\Offline\aspot_bats\validation_kaleidoscope\denmark_out","","LAND1_20230720_214241.wav","0","0","4.062667","","","2023-07-20","21:42:41","21","2023-07-20","09:42:41","9","Noise","","","","","","","","","","","","","","","","","","","","1","","","","","","B+/dbb5kG4hC7tKxuiUdRw==","",""
"C:\Offline\aspot_bats\validation_kaleidoscope\denmark\denmark","C:\Offline\aspot_bats\validation_kaleidoscope\denmark_out","","LAND2_20230515_031547.wav","0","0","3.033333","","","2023-05-15","03:15:47","3","2023-05-14","15:15:47","15","Noise","","","","","","","","","","","","","","","","","","","","1","","","","","","hLriYxAIzgzz9l6cvWodGw==","",""
"C:\Offline\aspot_bats\validation_kaleidoscope\denmark\denmark","C:\Offline\aspot_bats\validation_kaleidoscope\denmark_out","","LAND3_20230506_021738.wav","0","0","9.313333","","","2023-05-06","02:17:38","2","2023-05-05","14:17:38","14","Noise","","","","","","","","","","","","","","","","","","","","1","","","","","","yhTjFFPONuozJz+tgFmDDg==","",""
"C:\Offline\aspot_bats\validation_kaleidoscope\denmark\denmark","C:\Offline\aspot_bats\validation_kaleidoscope\denmark_out","","LAND4_20230629_025823.wav","0","0","3.424","","","2023-06-29","02:58:23","2","2023-06-28","14:58:23","14","Noise","","","","","","","","","","","","","","","","","","","","1","","","","","","BI+Epzo7uV0kWP2RNIsPUQ==","",""
"C:\Offline\aspot_bats\validation_kaleidoscope\denmark\denmark","C:\Offline\aspot_bats\validation_kaleidoscope\denmark_out","","LAND4_20230703_033333.wav","0","0","3.010667","","","2023-07-03","03:33:33","3","2023-07-02","15:33:33","15","Noise","","","","","","","","","","","","","","","","","","","","1","","","","","","4oWuu7QeVAXaWKJG0jAmcA==","",""
"C:\Offline\aspot_bats\validation_kaleidoscope\denmark\denmark","C:\Offline\aspot_bats\validation_kaleidoscope\denmark_out","","LAND4_20230814_011416.wav","0","0","5.029333","","","2023-08-14","01:14:16","1","2023-08-13","13:14:16","13","Noise","","","","","","","","","","","","","","","","","","","","1","","","","","","X9lp9le+fhnrwJFKdgNYmw==","",""
"C:\Offline\aspot_bats\validation_kaleidoscope\denmark\denmark","C:\Offline\aspot_bats\validation_kaleidoscope\denmark_out","","LAND5_20230628_205504.wav","0","0","3.26","","","2023-06-28","20:55:04","20","2023-06-28","08:55:04","8","Noise","","","","","","","","","","","","","","","","","","","","1","","","","","","sf86Ie1pYmZOlTcMaiF0+Q==","",""
"C:\Offline\aspot_bats\validation_kaleidoscope\denmark\denmark","C:\Offline\aspot_bats\validation_kaleidoscope\denmark_out","","LAND5_20230629_003510.wav","0","0","3.138667","","","2023-06-29","00:35:10","0","2023-06-28","12:35:10","12","Noise","","","","","","","","","","","","","","","","","","","","1","","","","","","G6sS2QskD6cYdGwp/U65MQ==","",""
"C:\Offline\aspot_bats\validation_kaleidoscope\denmark\denmark","C:\Offline\aspot_bats\validation_kaleidoscope\denmark_out","","LAND5_20230722_020045.wav","0","0","3.604","","","2023-07-22","02:00:45","2","2023-07-21","14:00:45","14","Noise","","","","","","","","","","","","","","","","","","","","1","","","","","","68ldmAZKslTdJQURYi6e2Q==","",""
"C:\Offline\aspot_bats\validation_kaleidoscope\denmark\denmark","C:\Offline\aspot_bats\validation_kaleidoscope\denmark_out","","LAND7-LOT1_20230703_015956.wav","0","0","15","","","2023-07-03","01:59:56","1","2023-07-02","13:59:56","13","Noise","","","","","","","","","","","","","","","","","","","","1","","","","","","+Z4WNGZ80uEzn+YqRaawEg==","",""
"C:\Offline\aspot_bats\validation_kaleidoscope\denmark\denmark","C:\Offline\aspot_bats\validation_kaleidoscope\denmark_out","","LAND7-LOT1_20230908_203144.wav","0","0","15","","","2023-09-08","20:31:44","20","2023-09-08","08:31:44","8","Noise","","","","","","","","","","","","","","","","","","","","1","","","","","","Vab5qvE3/vfELfAXAWvPnQ==","",""
"C:\Offline\aspot_bats\validation_kaleidoscope\denmark\denmark","C:\Offline\aspot_bats\validation_kaleidoscope\denmark_out","","LAND9-LOT1_20230615_210103.wav","0","0","3.476","","","2023-06-15","21:01:03","21","2023-06-15","09:01:03","9","Noise","","","","","","","","","","","","","","","","","","","","1","","","","","","Ni3WE2K40oR22YDrDLHRdQ==","",""
"C:\Offline\aspot_bats\validation_kaleidoscope\denmark\denmark","C:\Offline\aspot_bats\validation_kaleidoscope\denmark_out","","LOT1-ONBOARD_20230427_230920.wav","0","0","10.906667","","","2023-04-27","23:09:20","23","2023-04-27","11:09:20","11","Noise","","","","","","","","","","","","","","","","","","","","1","","","","","","uAohsUni5FK7cxv1NL3hFQ==","",""
"C:\Offline\aspot_bats\validation_kaleidoscope\denmark\denmark","C:\Offline\aspot_bats\validation_kaleidoscope\denmark_out","","LOT1-ONBOARD_20230427_191535.wav","0","0","13","","","2023-04-27","19:15:35","19","2023-04-27","07:15:35","7","Noise","","","","","","","","","","","","","","","","","","","","1","","","","","","0M3dKoSmVZ2Vs5eXdzeplw==","",""
"C:\Offline\aspot_bats\validation_kaleidoscope\denmark\denmark","C:\Offline\aspot_bats\validation_kaleidoscope\denmark_out","","LOT1-ONBOARD_20231008_213220.wav","0","0","3.682667","","","2023-10-08","21:32:20","21","2023-10-08","09:32:20","9","Noise","","","","","","","","","","","","","","","","","","","","1","","","","","","ikFTxjzLVonEmv5ytDc+uA==","",""
"C:\Offline\aspot_bats\validation_kaleidoscope\denmark\denmark","C:\Offline\aspot_bats\validation_kaleidoscope\denmark_out","","LOT1-ONBOARD_20230518_011229.wav","0","0","13","","","2023-05-18","01:12:29","1","2023-05-17","13:12:29","13","Noise","","","","","","","","","","","","","","","","","","","","1","","","","","","ufDq89vOsVCLr83EcIREnw==","",""
"C:\Offline\aspot_bats\validation_kaleidoscope\denmark\denmark","C:\Offline\aspot_bats\validation_kaleidoscope\denmark_out","","LOT1-ONBOARD_20230426_221445.wav","0","0","13","","","2023-04-26","22:14:45","22","2023-04-26","10:14:45","10","Noise","","","","","","","","","","","","","","","","","","","","1","","","","","","tBnTIukSfGAeyAxkYC95nw==","",""
"C:\Offline\aspot_bats\validation_kaleidoscope\denmark\denmark","C:\Offline\aspot_bats\validation_kaleidoscope\denmark_out","","LOT1-ONBOARD_20231206_200449.wav","0","0","8.324","","","2023-12-06","20:04:49","20","2023-12-06","08:04:49","8","Noise","","","","","","","","","","","","","","","","","","","","1","","","","","","nHw4mXYHSRvlqm036U6+zA==","",""
"C:\Offline\aspot_bats\validation_kaleidoscope\denmark\denmark","C:\Offline\aspot_bats\validation_kaleidoscope\denmark_out","","LOT1-ONBOARD_20240209_171136.wav","0","0","6.608","","","2024-02-09","17:11:36","17","2024-02-09","05:11:36","5","Noise","","","","","","","","","","","","","","","","","","","","1","","","","","","JLCuZY/rawa1QgKm6VMisQ==","",""
"C:\Offline\aspot_bats\validation_kaleidoscope\denmark\denmark","C:\Offline\aspot_bats\validation_kaleidoscope\denmark_out","","MANDO_20240209_175826.wav","0","0","6.944","","","2024-02-09","17:58:26","17","2024-02-09","05:58:26","5","Noise","","","","","","","","","","","","","","","","","","","","1","","","","","","EfqTwYW4YLs495E2BXtz6g==","",""
"C:\Offline\aspot_bats\validation_kaleidoscope\denmark\denmark","C:\Offline\aspot_bats\validation_kaleidoscope\denmark_out","","LOT1-ONBOARD_20230810_200147.wav","0","0","13","","","2023-08-10","20:01:47","20","2023-08-10","08:01:47","8","Noise","","","","","","","","","","","","","","","","","","","","1","","","","","","XCXbkNfe0aWdsTSwxg1mWA==","",""
"C:\Offline\aspot_bats\validation_kaleidoscope\denmark\denmark","C:\Offline\aspot_bats\validation_kaleidoscope\denmark_out","","NS12_20230903_014740.wav","0","0","9.002","","","2023-09-03","01:47:40","1","2023-09-02","13:47:40","13","Noise","","","","","","","","","","","","","","","","","","","","1","","","","","","N5U5rJWEEyEbR3RQa6uiKA==","",""
"C:\Offline\aspot_bats\validation_kaleidoscope\denmark\denmark","C:\Offline\aspot_bats\validation_kaleidoscope\denmark_out","","NS14_20230808_025730.wav","0","0","5.108","","","2023-08-08","02:57:30","2","2023-08-07","14:57:30","14","Noise","","","","","","","","","","","","","","","","","","","","1","","","","","","GqoYsumBn6eCsPtSvLDqog==","",""
"C:\Offline\aspot_bats\validation_kaleidoscope\denmark\denmark","C:\Offline\aspot_bats\validation_kaleidoscope\denmark_out","","NS13_20230413_001352.wav","0","0","9.528","","","2023-04-13","00:13:52","0","2023-04-12","12:13:52","12","Noise","","","","","","","","","","","","","","","","","","","","1","","","","","","MbzRU16uOyKd4ceTvUEIng==","",""
"C:\Offline\aspot_bats\validation_kaleidoscope\denmark\denmark","C:\Offline\aspot_bats\validation_kaleidoscope\denmark_out","","NS14_20230424_223244.wav","0","0","15","","","2023-04-24","22:32:44","22","2023-04-24","10:32:44","10","Noise","","","","","","","","","","","","","","","","","","","","1","","","","","","zyUcMk3HK/bNzYlcaPAd7A==","",""
"C:\Offline\aspot_bats\validation_kaleidoscope\denmark\denmark","C:\Offline\aspot_bats\validation_kaleidoscope\denmark_out","","NS12_20230413_220104.wav","0","0","15","","","2023-04-13","22:01:04","22","2023-04-13","10:01:04","10","Noise","","","","","","","","","","","","","","","","","","","","1","","","","","","nNd6irgR6zaTYkOu3u2lsg==","",""
"C:\Offline\aspot_bats\validation_kaleidoscope\denmark\denmark","C:\Offline\aspot_bats\validation_kaleidoscope\denmark_out","","NS16_20230429_002326.wav","0","0","15","","","2023-04-29","00:23:26","0","2023-04-28","12:23:26","12","Noise","","","","","","","","","","","","","","","","","","","","1","","","","","","ftRsTakFRaD7e79IJAHPNA==","",""
"C:\Offline\aspot_bats\validation_kaleidoscope\denmark\denmark","C:\Offline\aspot_bats\validation_kaleidoscope\denmark_out","","NS19_20231125_202443.wav","0","0","5.55","","","2023-11-25","20:24:43","20","2023-11-25","08:24:43","8","Noise","","","","","","","","","","","","","","","","","","","","1","","","","","","cQaY5tkX4XkztIxBb0tJyA==","",""
"C:\Offline\aspot_bats\validation_kaleidoscope\denmark\denmark","C:\Offline\aspot_bats\validation_kaleidoscope\denmark_out","","NS21_20231222_032729.wav","0","0","9.146","","","2023-12-22","03:27:29","3","2023-12-21","15:27:29","15","Noise","","","","","","","","","","","","","","","","","","","","1","","","","","","aL0FweVbaT8JvxoaH34hRw==","",""
"C:\Offline\aspot_bats\validation_kaleidoscope\denmark\denmark","C:\Offline\aspot_bats\validation_kaleidoscope\denmark_out","","NS19_20230512_035323.wav","0","0","15","","","2023-05-12","03:53:23","3","2023-05-11","15:53:23","15","Noise","","","","","","","","","","","","","","","","","","","","1","","","","","","jTmT1YNsc/ibQPZl3qCFSg==","",""
"C:\Offline\aspot_bats\validation_kaleidoscope\denmark\denmark","C:\Offline\aspot_bats\validation_kaleidoscope\denmark_out","","NS24S_20230510_044303.wav","0","0","15","","","2023-05-10","04:43:03","4","2023-05-09","16:43:03","16","Noise","","","","","","","","","","","","","","","","","","","","1","","","","","","c6rPopuQPuQkLcLGlQUEMw==","",""
"C:\Offline\aspot_bats\validation_kaleidoscope\denmark\denmark","C:\Offline\aspot_bats\validation_kaleidoscope\denmark_out","","NS21_20230422_003040.wav","0","0","15","","","2023-04-22","00:30:40","0","2023-04-21","12:30:40","12","Noise","","","","","","","","","","","","","","","","","","","","1","","","","","","XZCa25+BlfsVqXj/E1+Rzg==","",""
"C:\Offline\aspot_bats\validation_kaleidoscope\denmark\denmark","C:\Offline\aspot_bats\validation_kaleidoscope\denmark_out","","NS25_20240225_001129.wav","0","0","7.076","","","2024-02-25","00:11:29","0","2024-02-24","12:11:29","12","Noise","","","","","","","","","","","","","","","","","","","","1","","","","","","zf1Ks1/NIE8jrlSjdX3aog==","",""
"C:\Offline\aspot_bats\validation_kaleidoscope\denmark\denmark","C:\Offline\aspot_bats\validation_kaleidoscope\denmark_out","","NS20_20230416_034005.wav","0","0","15","","","2023-04-16","03:40:05","3","2023-04-15","15:40:05","15","Noise","","","","","","","","","","","","","","","","","","","","1","","","","","","CXr3IN0zl4zAjLmPbpRw1Q==","",""
"C:\Offline\aspot_bats\validation_kaleidoscope\denmark\denmark","C:\Offline\aspot_bats\validation_kaleidoscope\denmark_out","","NS28S_20230419_223157.wav","0","0","15","","","2023-04-19","22:31:57","22","2023-04-19","10:31:57","10","Noise","","","","","","","","","","","","","","","","","","","","1","","","","","","mOINyat8t7L1VAgV/+ASUQ==","",""
"C:\Offline\aspot_bats\validation_kaleidoscope\denmark\denmark","C:\Offline\aspot_bats\validation_kaleidoscope\denmark_out","","NS25_20230416_215344.wav","0","0","15","","","2023-04-16","21:53:44","21","2023-04-16","09:53:44","9","Noise","","","","","","","","","","","","","","","","","","","","1","","","","","","qTrr+UYv7zEgcaVKDcpGAw==","",""
"C:\Offline\aspot_bats\validation_kaleidoscope\denmark\denmark","C:\Offline\aspot_bats\validation_kaleidoscope\denmark_out","","NS29_20230502_220323.wav","0","0","15","","","2023-05-02","22:03:23","22","2023-05-02","10:03:23","10","Noise","","","","","","","","","","","","","","","","","","","","1","","","","","","FqtU5iEyzr01P/w3ceUI9w==","",""
"C:\Offline\aspot_bats\validation_kaleidoscope\denmark\denmark","C:\Offline\aspot_bats\validation_kaleidoscope\denmark_out","","NS31_20230510_220047.wav","0","0","15","","","2023-05-10","22:00:47","22","2023-05-10","10:00:47","10","Noise","","","","","","","","","","","","","","","","","","","","1","","","","","","sjEQL7LYT7/yK2Nm+vQpBA==","",""
"C:\Offline\aspot_bats\validation_kaleidoscope\denmark\denmark","C:\Offline\aspot_bats\validation_kaleidoscope\denmark_out","","NS32S_20230416_221739.wav","0","0","15","","","2023-04-16","22:17:39","22","2023-04-16","10:17:39","10","Noise","","","","","","","","","","","","","","","","","","","","1","","","","","","6Zj4Ughz4qRJLkM6/nVINg==","",""
"C:\Offline\aspot_bats\validation_kaleidoscope\denmark\denmark","C:\Offline\aspot_bats\validation_kaleidoscope\denmark_out","","NS30_20230417_235235.wav","0","0","15","","","2023-04-17","23:52:35","23","2023-04-17","11:52:35","11","Noise","","","","","","","","","","","","","","","","","","","","1","","","","","","0VIZTJk7fm7Amep1IziPVA==","",""
"C:\Offline\aspot_bats\validation_kaleidoscope\denmark\denmark","C:\Offline\aspot_bats\validation_kaleidoscope\denmark_out","","NS33_20230420_052743.wav","0","0","15","","","2023-04-20","05:27:43","5","2023-04-19","17:27:43","17","Noise","","","","","","","","","","","","","","","","","","","","1","","","","","","pKa0OnkmxzCNE5v+s24/Iw==","",""
"C:\Offline\aspot_bats\validation_kaleidoscope\denmark\denmark","C:\Offline\aspot_bats\validation_kaleidoscope\denmark_out","","NS35_20230427_033705.wav","0","0","15","","","2023-04-27","03:37:05","3","2023-04-26","15:37:05","15","Noise","","","","","","","","","","","","","","","","","","","","1","","","","","","vXeNDCTdd/E0pgryH/RLCg==","",""
"C:\Offline\aspot_bats\validation_kaleidoscope\denmark\denmark","C:\Offline\aspot_bats\validation_kaleidoscope\denmark_out","","NS34_20230417_235429.wav","0","0","14.389333","","","2023-04-17","23:54:29","23","2023-04-17","11:54:29","11","Noise","","","","","","","","","","","","","","","","","","","","1","","","","","","3xH2HGNx1rxb2gC3tRKzQw==","",""
"C:\Offline\aspot_bats\validation_kaleidoscope\denmark\denmark","C:\Offline\aspot_bats\validation_kaleidoscope\denmark_out","","NS6-C_20230425_052617.wav","0","0","13","","","2023-04-25","05:26:17","5","2023-04-24","17:26:17","17","Noise","","","","","","","","","","","","","","","","","","","","1","","","","","","Gs/bHgv/Aaa/0lvbASErcA==","",""
"C:\Offline\aspot_bats\validation_kaleidoscope\denmark\denmark","C:\Offline\aspot_bats\validation_kaleidoscope\denmark_out","","NS6-C_20230414_015632.wav","0","0","13","","","2023-04-14","01:56:32","1","2023-04-13","13:56:32","13","Noise","","","","","","","","","","","","","","","","","","","","1","","","","","","CCo5+OmVPSS/5nVfnPp1Jg==","",""
"C:\Offline\aspot_bats\validation_kaleidoscope\denmark\denmark","C:\Offline\aspot_bats\validation_kaleidoscope\denmark_out","","NYMND-PLTG_20240322_051329.wav","0","0","6.498667","","","2024-03-22","05:13:29","5","2024-03-21","17:13:29","17","Noise","","","","","","","","","","","","","","","","","","","","1","","","","","","hKg+R7JDxtvh7L6twu3MNg==","",""
"C:\Offline\aspot_bats\validation_kaleidoscope\denmark\denmark","C:\Offline\aspot_bats\validation_kaleidoscope\denmark_out","","REJSBY_20231105_173556.wav","0","0","5.04","","","2023-11-05","17:35:56","17","2023-11-05","05:35:56","5","Noise","","","","","","","","","","","","","","","","","","","","1","","","","","","QW+APLMOqhYXftAdsoR+WA==","",""
"C:\Offline\aspot_bats\validation_kaleidoscope\denmark\denmark","C:\Offline\aspot_bats\validation_kaleidoscope\denmark_out","","NS8_20230415_041228.wav","0","0","15","","","2023-04-15","04:12:28","4","2023-04-14","16:12:28","16","Noise","","","","","","","","","","","","","","","","","","","","1","","","","","","xltE+kCwJDV3kQnzSVoUYA==","",""
"C:\Offline\aspot_bats\validation_kaleidoscope\denmark\denmark","C:\Offline\aspot_bats\validation_kaleidoscope\denmark_out","","REJSBY_20240403_203640.wav","0","0","9.054667","","","2024-04-03","20:36:40","20","2024-04-03","08:36:40","8","Noise","","","","","","","","","","","","","","","","","","","","1","","","","","","giHK1clkJl/Z2BmzcKnmGQ==","",""
"C:\Offline\aspot_bats\validation_kaleidoscope\denmark\denmark","C:\Offline\aspot_bats\validation_kaleidoscope\denmark_out","","ROEMOE_20230807_022813.wav","0","0","5.606667","","","2023-08-07","02:28:13","2","2023-08-06","14:28:13","14","Noise","","","","","","","","","","","","","","","","","","","","1","","","","","","+lWYPEn3LLPDROvPqiUrjQ==","",""
"C:\Offline\aspot_bats\validation_kaleidoscope\denmark\denmark","C:\Offline\aspot_bats\validation_kaleidoscope\denmark_out","","ROEMOE_20230726_210355.wav","0","0","5.597333","","","2023-07-26","21:03:55","21","2023-07-26","09:03:55","9","Noise","","","","","","","","","","","","","","","","","","","","1","","","","","","AYzKG76x3IqLNy3M23BUxg==","",""
"C:\Offline\aspot_bats\validation_kaleidoscope\denmark\denmark","C:\Offline\aspot_bats\validation_kaleidoscope\denmark_out","","ROEMOE_20231208_210038.wav","0","0","8.496","","","2023-12-08","21:00:38","21","2023-12-08","09:00:38","9","Noise","","","","","","","","","","","","","","","","","","","","1","","","","","","ev6DCI8yKqtk4gB1d1tLtw==","",""
"C:\Offline\aspot_bats\validation_kaleidoscope\denmark\denmark","C:\Offline\aspot_bats\validation_kaleidoscope\denmark_out","","ROEMOE_20240221_194911.wav","0","0","11.918667","","","2024-02-21","19:49:11","19","2024-02-21","07:49:11","7","Noise","","","","","","","","","","","","","","","","","","","","1","","","","","","thuLL2n2ckn/Jj8tQJGosA==","",""
"C:\Offline\aspot_bats\validation_kaleidoscope\denmark\denmark","C:\Offline\aspot_bats\validation_kaleidoscope\denmark_out","","SKAGEN_20240103_211549.wav","0","0","8.984","","","2024-01-03","21:15:49","21","2024-01-03","09:15:49","9","Noise","","","","","","","","","","","","","","","","","","","","1","","","","","","iCJdOT4GfOUEbr/H4uJP3Q==","",""
"C:\Offline\aspot_bats\validation_kaleidoscope\denmark\denmark","C:\Offline\aspot_bats\validation_kaleidoscope\denmark_out","","SKAGEN_20231019_163226.wav","0","0","13.69","","","2023-10-19","16:32:26","16","2023-10-19","04:32:26","4","Noise","","","","","","","","","","","","","","","","","","","","1","","","","","","IdQnJR2P73js16LqLekI7w==","",""
"C:\Offline\aspot_bats\validation_kaleidoscope\denmark\denmark","C:\Offline\aspot_bats\validation_kaleidoscope\denmark_out","","SKAGEN_20230728_025032.wav","0","0","13","","","2023-07-28","02:50:32","2","2023-07-27","14:50:32","14","Noise","","","","","","","","","","","","","","","","","","","","1","","","","","","NqTJj0DScTie0qahRKdYUQ==","",""
"C:\Offline\aspot_bats\validation_kaleidoscope\denmark\denmark","C:\Offline\aspot_bats\validation_kaleidoscope\denmark_out","","SKJERN_20231110_191255.wav","0","0","11.397333","","","2023-11-10","19:12:55","19","2023-11-10","07:12:55","7","Noise","","","","","","","","","","","","","","","","","","","","1","","","","","","iZv/9mXyUhwpijRM7zfCXw==","",""
"C:\Offline\aspot_bats\validation_kaleidoscope\denmark\denmark","C:\Offline\aspot_bats\validation_kaleidoscope\denmark_out","","SKJERN_20240221_214349.wav","0","0","5.010667","","","2024-02-21","21:43:49","21","2024-02-21","09:43:49","9","Noise","","","","","","","","","","","","","","","","","","","","1","","","","","","l7/qUZEFsWz2FSpmbIUOTA==","",""
"C:\Offline\aspot_bats\validation_kaleidoscope\denmark\denmark","C:\Offline\aspot_bats\validation_kaleidoscope\denmark_out","","STADILOE_20240321_221150.wav","0","0","9.062667","","","2024-03-21","22:11:50","22","2024-03-21","10:11:50","10","Noise","","","","","","","","","","","","","","","","","","","","1","","","","","","2dKc/e96lrjyRRQ3ZDOi1w==","",""
"C:\Offline\aspot_bats\validation_kaleidoscope\denmark\denmark","C:\Offline\aspot_bats\validation_kaleidoscope\denmark_out","","STADILOE_20240102_224359.wav","0","0","15","","","2024-01-02","22:43:59","22","2024-01-02","10:43:59","10","Noise","","","","","","","","","","","","","","","","","","","","1","","","","","","dLlTFH+8N9KcyU0pZqWmgg==","",""
"C:\Offline\aspot_bats\validation_kaleidoscope\denmark\denmark","C:\Offline\aspot_bats\validation_kaleidoscope\denmark_out","","STADILO_20250402_232001.wav","0","0","4.046667","","","2025-04-02","23:20:01","23","2025-04-02","11:20:01","11","Noise","","","","","","","","","","","","","","","","","","","","1","","","","","","hri08a+zJxFsUf02WuIjgw==","",""
"C:\Offline\aspot_bats\validation_kaleidoscope\denmark\denmark","C:\Offline\aspot_bats\validation_kaleidoscope\denmark_out","","T3-NS26-C_20230502_021917.wav","0","0","13","","","2023-05-02","02:19:17","2","2023-05-01","14:19:17","14","Noise","","","","","","","","","","","","","","","","","","","","1","","","","","","0bQ7bpgyip6FeFEOQA7cSA==","",""
"C:\Offline\aspot_bats\validation_kaleidoscope\denmark\denmark","C:\Offline\aspot_bats\validation_kaleidoscope\denmark_out","","BLAAVAND_20250320_183220.wav","0","0","15","","","2025-03-20","18:32:20","18","2025-03-20","06:32:20","6","PIPNAT","84","82","0.976","0.667158","","","84","39.967","22.19","4.975","62.696","39.79","43.989","152.025","40.994","2.806","626.75","4.636","13.74","1","","","","","","gSnJeQQ3wbSBtZFso/Fovw==","",""
"C:\Offline\aspot_bats\validation_kaleidoscope\denmark\denmark","C:\Offline\aspot_bats\validation_kaleidoscope\denmark_out","","STADILO_20250402_211359.wav","0","0","15","","","2025-04-02","21:13:59","21","2025-04-02","09:13:59","9","PIPNAT","69","66","0.957","0.715329","MYODAS","","69","38.973","24.46","4.666","47.729","38.533","40.93","206.731","39.975","2.417","268.32","4.108","13.55","1","","","","","","Mxr5Leqks32M0HtcCXC4Sg==","",""
"C:\Offline\aspot_bats\validation_kaleidoscope\denmark\denmark","C:\Offline\aspot_bats\validation_kaleidoscope\denmark_out","","LAND8-LOT1_20230508_195828.wav","0","0","10.377333","","","2023-05-08","19:58:28","19","2023-05-08","07:58:28","7","PIPNAT","57","56","0.982","0.667317","MYODAS","","57","39.006","16.48","5.307","58.893","38.846","42.07","131.343","40.01","2.937","767.92","4.91","9.09","1","","","","","","k08/3wZ1KlRklEC8UGX4EQ==","",""
"C:\Offline\aspot_bats\validation_kaleidoscope\denmark\denmark","C:\Offline\aspot_bats\validation_kaleidoscope\denmark_out","","LAND3_20230710_213315.wav","0","0","14.194667","","","2023-07-10","21:33:15","21","2023-07-10","09:33:15","9","PIPNAT","56","54","0.964","0.739504","BARBAR","","56","38.326","15.16","4.886","42.506","38.048","39.394","209.104","39.309","1.779","176.69","4.353","12.9","1","","","","","","IueRexJ9NJMPPxBD4Q4H5A==","",""
"C:\Offline\aspot_bats\validation_kaleidoscope\denmark\denmark","C:\Offline\aspot_bats\validation_kaleidoscope\denmark_out","","LAND1_20230625_002633.wav","0","0","13.490667","","","2023-06-25","00:26:33","0","2023-06-24","12:26:33","12","PIPNAT","68","53","0.779","0.46291","PIPPIP","","68","41.238","22.25","5.077","53.637","40.42","43.543","150.165","42.292","2.608","411.37","4.109","20.03","1","","","","","","LNsyb4GmrmTAg6a99nLPYQ==","",""
"C:\Offline\aspot_bats\validation_kaleidoscope\denmark\denmark","C:\Offline\aspot_bats\validation_kaleidoscope\denmark_out","","FANO_20241106_011709.wav","0","0","14.564","","","2024-11-06","01:17:09","1","2024-11-05","13:17:09","13","PIPNAT","46","44","0.957","0.724708","BARBAR","MYODAS","46","37.974","13.55","4.041","40.713","37.737","38.741","209.156","38.734","1.085","34.08","3.71","8.81","1","","","","","","TmenFTmesBEvID0DVkFaYg==","",""
"C:\Offline\aspot_bats\validation_kaleidoscope\denmark\denmark","C:\Offline\aspot_bats\validation_kaleidoscope\denmark_out","","BLAAVAND_20230829_212401.wav","0","0","9.958667","","","2023-08-29","21:24:01","21","2023-08-29","09:24:01","9","PIPNAT","37","35","0.946","0.776767","","","37","39.729","14.65","4.024","49.029","39.301","41.64","182.76","40.643","2.008","341.83","3.615","7.9","1","","","","","","DL1tUA1Pweuv12HfwU/zng==","",""
"C:\Offline\aspot_bats\validation_kaleidoscope\denmark\denmark","C:\Offline\aspot_bats\validation_kaleidoscope\denmark_out","","ROEMOE_20241007_230059.wav","0","0","14.298667","","","2024-10-07","23:00:59","23","2024-10-07","11:00:59","11","PIPNAT","51","32","0.627","0.323","PIPPIP","BARBAR","51","40.663","15.73","5.339","45.184","40.389","41.727","284.673","41.962","1.389","167.31","4.763","9.31","1","","","","","","09sL9fDJp+42usvVhHTRkA==","",""
"C:\Offline\aspot_bats\validation_kaleidoscope\denmark\denmark","C:\Offline\aspot_bats\validation_kaleidoscope\denmark_out","","NS31_20230831_200539.wav","0","0","14.96","","","2023-08-31","20:05:39","20","2023-08-31","08:05:39","8","PIPNAT","29","29","1","0.81721","BARBAR","","29","38.474","3.21","7.025","39.276","38.02","38.624","190.214","38.86","1.541","12.68","6.051","6.58","1","","","","","","asNrgJmr+HA8qtBIQ13RyA==","",""
"C:\Offline\aspot_bats\validation_kaleidoscope\denmark\denmark","C:\Offline\aspot_bats\validation_kaleidoscope\denmark_out","","HUSBY_20250306_033929.wav","0","0","9.097333","","","2025-03-06","03:39:29","3","2025-03-05","15:39:29","15","PIPNAT","24","23","0.958","0.747188","MYODAU","MYODAS","24","40.395","0.15","4.161","51.882","39.581","42.27","211.681","40.631","2.697","576.04","3.77","8.3","1","","","","","","2+rawQvDy2CtRq3F/tmGfg==","",""
"C:\Offline\aspot_bats\validation_kaleidoscope\denmark\denmark","C:\Offline\aspot_bats\validation_kaleidoscope\denmark_out","","FANO_20241105_210252.wav","0","0","10.998667","","","2024-11-05","21:02:52","21","2024-11-05","09:02:52","9","PIPNAT","22","22","1","0.821338","BARBAR","","22","37.498","19.78","4.584","40.358","37.141","38.29","236.349","38.455","1.463","97.15","3.956","4.86","1","","","","","","82ZNOlLvTliWJ8nif8btKw==","",""
"C:\Offline\aspot_bats\validation_kaleidoscope\denmark\denmark","C:\Offline\aspot_bats\validation_kaleidoscope\denmark_out","","NS25_20230907_203558.wav","0","0","7.746","","","2023-09-07","20:35:58","20","2023-09-07","08:35:58","8","PIPNAT","22","19","0.864","0.352075","MYODAS","","22","38.639","26.3","5.352","48.028","38.141","40.832","158.79","39.778","2.671","236.76","4.763","6.46","1","","","","","","Zqb1qAsrqk5b+efDmC9UXA==","",""
"C:\Offline\aspot_bats\validation_kaleidoscope\denmark\denmark","C:\Offline\aspot_bats\validation_kaleidoscope\denmark_out","","MANDO_20241008_192538.wav","0","0","11.706667","","","2024-10-08","19:25:38","19","2024-10-08","07:25:38","7","PIPNAT","17","17","1","0.754491","BARBAR","MYODAS","17","38.526","-3.71","4.404","42.007","37.463","39.077","317.387","38.678","2.301","119.54","3.232","5.32","1","","","","","","XbaA+agviawK5B8g2+i8Iw==","",""
"C:\Offline\aspot_bats\validation_kaleidoscope\denmark\denmark","C:\Offline\aspot_bats\validation_kaleidoscope\denmark_out","","NS28_20230827_214057.wav","0","0","12.922","","","2023-08-27","21:40:57","21","2023-08-27","09:40:57","9","PIPNAT","17","17","1","0.863783","BARBAR","","17","39.083","13.87","6.271","44.659","38.747","39.693","322.712","40.251","1.898","307.48","5.475","2.83","1","","","","","","Gy7pAQGHD/ZsN2J5sQpgSw==","",""
"C:\Offline\aspot_bats\validation_kaleidoscope\denmark\denmark","C:\Offline\aspot_bats\validation_kaleidoscope\denmark_out","","BLAAVAND_20230830_012046.wav","0","0","5.241333","","","2023-08-30","01:20:46","1","2023-08-29","13:20:46","13","PIPNAT","11","11","1","0.593273","BARBAR","","11","39.285","24.29","4.212","53.075","39.006","41.91","180.356","40.24","2.463","453.02","3.86","3.08","1","","","","","","8mjSRYQem85rzoZb9vwYdA==","",""
"C:\Offline\aspot_bats\validation_kaleidoscope\denmark\denmark","C:\Offline\aspot_bats\validation_kaleidoscope\denmark_out","","LAND5_20230828_234339.wav","0","0","7.649333","","","2023-08-28","23:43:39","23","2023-08-28","11:43:39","11","PIPNAT","13","11","0.846","0.512536","MYODAS","BARBAR","13","38.1","-0.23","5.568","41.088","37.214","38.511","224.027","38.311","3.154","141.68","4.97","3.16","1","","","","","","RmOG3fg3JIwm//BsfUS3Kw==","",""
"C:\Offline\aspot_bats\validation_kaleidoscope\denmark\denmark","C:\Offline\aspot_bats\validation_kaleidoscope\denmark_out","","HR-A-A05_20230520_202305.wav","0","0","4.761333","","","2023-05-20","20:23:05","20","2023-05-20","08:23:05","8","PIPNAT","8","8","1","0.821132","BARBAR","","8","38.588","6.07","4.449","39.82","38.262","38.965","250.705","39.246","0.94","65.69","4.176","1.99","1","","","","","","WLksAd6MuBP3zcWgInujNw==","",""
"C:\Offline\aspot_bats\validation_kaleidoscope\denmark\denmark","C:\Offline\aspot_bats\validation_kaleidoscope\denmark_out","","LAND5_20230828_233838.wav","0","0","4.516","","","2023-08-28","23:38:38","23","2023-08-28","11:38:38","11","PIPNAT","8","7","0.875","0.490757","BARBAR","","8","40.572","10.43","3.821","44.699","40.216","41.567","188.348","41.234","1.627","120.17","3.396","1.79","1","","","","","","TDg01jrimv1hZRG8CXIUYQ==","",""
"C:\Offline\aspot_bats\validation_kaleidoscope\denmark\denmark","C:\Offline\aspot_bats\validation_kaleidoscope\denmark_out","","STADILO_20250402_221721.wav","0","0","7.876","","","2025-04-02","22:17:21","22","2025-04-02","10:17:21","10","PIPNAT","6","6","1","0.811701","BARBAR","","6","38.102","14.81","2.722","38.751","37.623","38.21","505.052","38.481","0.52","31.55","2.163","1.23","1","","","","","","XG7+KtnZiZ+MM7vNZeeBfQ==","",""
"C:\Offline\aspot_bats\validation_kaleidoscope\denmark\denmark","C:\Offline\aspot_bats\validation_kaleidoscope\denmark_out","","STADILO_20250402_213551.wav","0","0","8.390667","","","2025-04-02","21:35:51","21","2025-04-02","09:35:51","9","PIPNAT","7","6","0.857","0.597302","BARBAR","MYODAS","7","37.953","15.9","3.964","39.883","37.823","38.594","683.841","38.854","1.361","68.22","3.648","1.43","1","","","","","","cJQrAGn87O/Ne+svHfZ0jg==","",""
"C:\Offline\aspot_bats\validation_kaleidoscope\denmark\denmark","C:\Offline\aspot_bats\validation_kaleidoscope\denmark_out","","BLAAVAND_20230829_210617.wav","0","0","5.222667","","","2023-08-29","21:06:17","21","2023-08-29","09:06:17","9","PIPNAT","4","4","1","0.740529","","","4","40.269","-1.67","2.478","44.124","39.811","41.178","397.898","40.698","1.406","211.02","2.253","1.44","1","","","","","","mJ5ObGsleki7dhI4+H3MJg==","",""
"C:\Offline\aspot_bats\validation_kaleidoscope\denmark\denmark","C:\Offline\aspot_bats\validation_kaleidoscope\denmark_out","","HR3-Z_20230915_201245.wav","0","0","9.97","","","2023-09-15","20:12:45","20","2023-09-15","08:12:45","8","PIPNAT","3","3","1","0.895165","","","3","39.028","13.85","4.067","44.132","38.712","40.27","2392.889","39.686","2.132","368.25","3.725","1.29","1","","","","","","qsEA19gQm9dUaZLvDpNY8A==","",""
"C:\Offline\aspot_bats\validation_kaleidoscope\denmark\denmark","C:\Offline\aspot_bats\validation_kaleidoscope\denmark_out","","LAND5_20230711_013634.wav","0","0","3.304","","","2023-07-11","01:36:34","1","2023-07-10","13:36:34","13","PIPNAT","3","3","1","0.825518","BARBAR","","3","40.762","1.03","2.589","42.418","40.136","41.155","1637.115","41.114","1.386","185.16","2.589","1.21","1","","","","","","mTk46r+HuvLUB2uiixi3Tw==","",""
"C:\Offline\aspot_bats\validation_kaleidoscope\denmark\denmark","C:\Offline\aspot_bats\validation_kaleidoscope\denmark_out","","BALLUM_20241007_182653.wav","0","0","9.970667","","","2024-10-07","18:26:53","18","2024-10-07","06:26:53","6","PIPNAT","2","2","1","0.68592","","","2","39.263","38.26","4.252","44.9","39.173","40.869","173.801","41.018","1.593","177.56","4.252","0.8","1","","","","","","DZnabOTT4tHQ/zfvnCvhpw==","",""
"C:\Offline\aspot_bats\validation_kaleidoscope\denmark\denmark","C:\Offline\aspot_bats\validation_kaleidoscope\denmark_out","","REJSBY_20250329_190949.wav","0","0","15","","","2025-03-29","19:09:49","19","2025-03-29","07:09:49","7","PIPPIP","149","146","0.98","0.90204","","","149","47.469","41.58","2.789","73.826","46.917","51.946","100.33","48.976","1.542","855.96","2.566","36.28","1","","","","","","C69x8ML8A5eJ9eYUHYeB1g==","",""
"C:\Offline\aspot_bats\validation_kaleidoscope\denmark\denmark","C:\Offline\aspot_bats\validation_kaleidoscope\denmark_out","","LAND10-LOT1_20230811_195633.wav","0","0","15","","","2023-08-11","19:56:33","19","2023-08-11","07:56:33","7","PIPPIP","100","99","0.99","0.926888","","","100","46.394","30.03","3.56","62.153","45.882","49.01","139.114","47.439","1.83","580.19","2.999","27.59","1","","","","","","9nn2wxacdu3OhM8H9BQChw==","",""
"C:\Offline\aspot_bats\validation_kaleidoscope\denmark\denmark","C:\Offline\aspot_bats\validation_kaleidoscope\denmark_out","","KAMMER_20241009_230948.wav","0","0","15","","","2024-10-09","23:09:48","23","2024-10-09","11:09:48","11","PIPPIP","63","63","1","0.870805","","","63","44.635","16.48","4.202","54.888","43.837","46.346","123.846","45.261","2.249","476.04","3.513","19.7","1","","","","","","AglLAra7OOqRw1Wm/At7sw==","",""
"C:\Offline\aspot_bats\validation_kaleidoscope\denmark\denmark","C:\Offline\aspot_bats\validation_kaleidoscope\denmark_out","","REJSBY_20250402_183605.wav","0","0","12.637333","","","2025-04-02","18:36:05","18","2025-04-02","06:36:05","6","PIPPIP","62","62","1","0.885065","PIPPYG","","62","47.142","32.3","3.697","72.41","46.846","51.337","114.501","48.517","2.068","756.66","3.447","15.6","1","","","","","","Iaj0GBh2uIUtCJCw3JuquQ==","",""
"C:\Offline\aspot_bats\validation_kaleidoscope\denmark\denmark","C:\Offline\aspot_bats\validation_kaleidoscope\denmark_out","","LAND10-LOT1_20230624_231020.wav","0","0","14.309333","","","2023-06-24","23:10:20","23","2023-06-24","11:10:20","11","PIPPIP","50","49","0.98","0.78677","PIPPYG","","50","48.276","16.04","3.441","67.82","47.71","51.327","193.924","49.121","1.897","861.07","3.019","14.47","1","","","","","","/GRKbKeTbeyhoK2s/nKr6Q==","",""
"C:\Offline\aspot_bats\validation_kaleidoscope\denmark\denmark","C:\Offline\aspot_bats\validation_kaleidoscope\denmark_out","","BALLUM_20241007_182834.wav","0","0","15","","","2024-10-07","18:28:34","18","2024-10-07","06:28:34","6","PIPPIP","35","35","1","0.908544","PIPPYG","","35","47.321","26.02","3.784","58.056","46.694","49.044","186.667","48.588","1.699","545.34","3.063","12.64","1","","","","","","aMMIvwNVeDs6zpluWUhDKQ==","",""
"C:\Offline\aspot_bats\validation_kaleidoscope\denmark\denmark","C:\Offline\aspot_bats\validation_kaleidoscope\denmark_out","","REJSBY_20250401_195326.wav","0","0","9.874667","","","2025-04-01","19:53:26","19","2025-04-01","07:53:26","7","PIPPIP","29","29","1","0.879494","PIPPYG","","29","48.192","33.42","3.098","76.768","47.862","53.197","195.355","49.515","1.731","749.18","2.879","6.91","1","","","","","","KwQC7JY89X/lK2qmjFBsJA==","",""
"C:\Offline\aspot_bats\validation_kaleidoscope\denmark\denmark","C:\Offline\aspot_bats\validation_kaleidoscope\denmark_out","","BALLUM_20241007_182705.wav","0","0","15","","","2024-10-07","18:27:05","18","2024-10-07","06:27:05","6","PIPPIP","28","28","1","0.949365","","","28","47.222","21.43","4.111","56.639","46.641","48.609","161.476","48.39","1.588","347.05","3.36","8.35","1","","","","","","1KybPGSxnpki55Ag8Gf3iw==","",""
"C:\Offline\aspot_bats\validation_kaleidoscope\denmark\denmark","C:\Offline\aspot_bats\validation_kaleidoscope\denmark_out","","BALLUM_20241007_183157.wav","0","0","15","","","2024-10-07","18:31:57","18","2024-10-07","06:31:57","6","PIPPIP","24","24","1","0.910447","","","24","46.334","16.48","3.918","54.27","45.877","47.717","147.44","47.183","1.813","426.01","3.384","6.34","1","","","","","","6zR1KgcJOTaII+s6Uaem3Q==","",""
"C:\Offline\aspot_bats\validation_kaleidoscope\denmark\denmark","C:\Offline\aspot_bats\validation_kaleidoscope\denmark_out","","BALLUM_20241007_183326.wav","0","0","13.129333","","","2024-10-07","18:33:26","18","2024-10-07","06:33:26","6","PIPPIP","24","24","1","0.933003","MYODAU","","24","46.771","20.26","3.871","53.258","46.11","47.869","240.22","47.732","1.758","248.76","3.129","8.65","1","","","","","","ydutzwWl9dJ6hJmZU10fpA==","",""
"C:\Offline\aspot_bats\validation_kaleidoscope\denmark\denmark","C:\Offline\aspot_bats\validation_kaleidoscope\denmark_out","","LAND6-LOT1_20230613_005416.wav","0","0","9.650667","","","2023-06-13","00:54:16","0","2023-06-12","12:54:16","12","PIPPIP","22","22","1","0.86601","BARBAR","","22","44.239","19.96","4.321","53.376","44.015","45.946","316.251","45.583","1.409","387","3.961","4.33","1","","","","","","fJ+HVGxRjQWXQyzkGbTvJg==","",""
"C:\Offline\aspot_bats\validation_kaleidoscope\denmark\denmark","C:\Offline\aspot_bats\validation_kaleidoscope\denmark_out","","BALLUM_20241007_183104.wav","0","0","15","","","2024-10-07","18:31:04","18","2024-10-07","06:31:04","6","PIPPIP","24","19","0.792","0.445748","","","24","40.826","18.73","3.392","46.461","40.328","41.887","255.357","41.606","1.314","260.07","3.015","4.45","1","","","","","","H+wVatq1DbIWYRYnhgYpxw==","",""
"C:\Offline\aspot_bats\validation_kaleidoscope\denmark\denmark","C:\Offline\aspot_bats\validation_kaleidoscope\denmark_out","","LAND6-LOT1_20230819_032750.wav","0","0","7.256","","","2023-08-19","03:27:50","3","2023-08-18","15:27:50","15","PIPPIP","17","17","1","0.869945","PIPPYG","","17","47.821","25.35","2.857","56.736","47.44","49.343","219.394","48.771","1.215","450.53","2.564","3.24","1","","","","","","iZvrjXlfk1aqV6hf1oT/yg==","",""
"C:\Offline\aspot_bats\validation_kaleidoscope\denmark\denmark","C:\Offline\aspot_bats\validation_kaleidoscope\denmark_out","","BALLUM_20241007_183236.wav","0","0","15","","","2024-10-07","18:32:36","18","2024-10-07","06:32:36","6","PIPPIP","17","15","0.882","0.555875","","","17","41.408","20.17","4.508","48.043","41.204","42.675","329.718","42.202","2.023","247.3","3.88","3.63","1","","","","","","1uJVuIy/5IjwsHfqHwRqbw==","",""
"C:\Offline\aspot_bats\validation_kaleidoscope\denmark\denmark","C:\Offline\aspot_bats\validation_kaleidoscope\denmark_out","","BLAAVAND_20230831_190600.wav","0","0","4.804","","","2023-08-31","19:06:00","19","2023-08-31","07:06:00","7","PIPPIP","6","6","1","0.838466","","","6","43.695","45.81","2.912","48.134","42.816","44.707","104.18","44.271","1.196","287.01","2.065","3.4","1","","","","","","hSRT8E8aS+ZgBWW9D8G7ng==","",""
"C:\Offline\aspot_bats\validation_kaleidoscope\denmark\denmark","C:\Offline\aspot_bats\validation_kaleidoscope\denmark_out","","BLAAVAND_20230831_191238.wav","0","0","4.664","","","2023-08-31","19:12:38","19","2023-08-31","07:12:38","7","PIPPIP","5","5","1","0.711525","BARBAR","","5","43.532","20.72","3.093","48.571","43.293","44.77","352.262","44.699","1.241","221.76","3.002","1.26","1","","","","","","T2ssZgAi2Xuur4OwIC53Hw==","",""
"C:\Offline\aspot_bats\validation_kaleidoscope\denmark\denmark","C:\Offline\aspot_bats\validation_kaleidoscope\denmark_out","","HUSBY_20230829_205848.wav","0","0","6.676","","","2023-08-29","20:58:48","20","2023-08-29","08:58:48","8","PIPPIP","13","4","0.308","0.14402","","","13","43.802","59.49","3.393","77.631","43.527","52.739","267.172","45.423","2.41","355.31","3.28","4.02","1","","","","","","DpUHiLgwX/gkfK7v0O4PrA==","",""
"C:\Offline\aspot_bats\validation_kaleidoscope\denmark\denmark","C:\Offline\aspot_bats\validation_kaleidoscope\denmark_out","","BALLUM_20241011_203009.wav","0","0","5.617333","","","2024-10-11","20:30:09","20","2024-10-11","08:30:09","8","PIPPIP","3","3","1","0.299914","PIPNAT","","3","42.259","22.89","3.775","49.627","42.035","43.799","306.054","43.489","1.648","298.67","3.457","0.65","1","","","","","","hiSNNpeA0/kmWpBItlJnBg==","",""
"C:\Offline\aspot_bats\validation_kaleidoscope\denmark\denmark","C:\Offline\aspot_bats\validation_kaleidoscope\denmark_out","","BLAAVAND_20230830_020618.wav","0","0","4.152","","","2023-08-30","02:06:18","2","2023-08-29","14:06:18","14","PIPPIP","4","3","0.75","0.424322","BARBAR","","4","41.998","32.59","5.046","48.265","41.777","43.399","141.479","43.544","2.029","270.33","4.287","0.81","1","","","","","","8KzXhajCraBa/14a5LXqcw==","",""
"C:\Offline\aspot_bats\validation_kaleidoscope\denmark\denmark","C:\Offline\aspot_bats\validation_kaleidoscope\denmark_out","","ROEMOE_20241008_040015.wav","0","0","7.033333","","","2024-10-08","04:00:15","4","2024-10-07","16:00:15","16","PIPPIP","2","1","0.5","0.338346","BARBAR","","2","41.886","23.34","3.62","45.647","41.776","43.036","266.131","43.722","0.855","186.2","3.478","0.48","1","","","","","","+DcWcA4ZOm9tvxLVCVwryQ==","",""
"C:\Offline\aspot_bats\validation_kaleidoscope\denmark\denmark","C:\Offline\aspot_bats\validation_kaleidoscope\denmark_out","","LAND1_20230504_200011.wav","0","0","8.522667","","","2023-05-04","20:00:11","20","2023-05-04","08:00:11","8","PIPPYG","49","49","1","0.857754","","","49","54.276","9.42","4.471","73.217","53.581","56.989","121.34","55.782","2.095","616.41","3.952","9.72","1","","","","","","aHHsu/YlN4DETKPy9VYumA==","",""
"C:\Offline\aspot_bats\validation_kaleidoscope\denmark\denmark","C:\Offline\aspot_bats\validation_kaleidoscope\denmark_out","","BLAAVAND_20230829_220635.wav","0","0","13.169333","","","2023-08-29","22:06:35","22","2023-08-29","10:06:35","10","PIPPYG","41","41","1","0.826614","","","41","53.698","11.28","5.312","58.662","53.214","54.722","157.489","54.902","1.92","265.89","4.612","8.56","1","","","","","","U7WnoVOMBByonIyftOM58Q==","",""
"C:\Offline\aspot_bats\validation_kaleidoscope\denmark\denmark","C:\Offline\aspot_bats\validation_kaleidoscope\denmark_out","","LAND1_20230806_210334.wav","0","0","11.958667","","","2023-08-06","21:03:34","21","2023-08-06","09:03:34","9","PIPPYG","34","33","0.971","0.885112","","","34","56.519","14.39","3.981","63.237","55.71","57.678","258.171","57.448","1.548","348.26","3.128","10.79","1","","","","","","jZpGins6QKiQ+9NoHRU/fg==","",""
"C:\Offline\aspot_bats\validation_kaleidoscope\denmark\denmark","C:\Offline\aspot_bats\validation_kaleidoscope\denmark_out","","NYMND-PLTG_20241023_014715.wav","0","0","7.506667","","","2024-10-23","01:47:15","1","2024-10-22","13:47:15","13","PIPPYG","22","20","0.909","0.637824","PIPPIP","","22","50.951","18.96","4.496","62.363","50.589","52.85","206.617","52.335","1.641","544.55","4.015","4.41","1","","","","","","jJFWIGn6AOAsoc+YfoR5+Q==","",""
"C:\Offline\aspot_bats\validation_kaleidoscope\denmark\denmark","C:\Offline\aspot_bats\validation_kaleidoscope\denmark_out","","BLAAVAND_20230830_024051.wav","0","0","5.044","","","2023-08-30","02:40:51","2","2023-08-29","14:40:51","14","PIPPYG","15","15","1","0.957897","","","15","57.102","38.94","3.241","71.986","56.643","60.169","108.05","59.516","1.254","457.87","2.79","4.02","1","","","","","","zRxm44u87UJkXX2aKLhJCw==","",""
"C:\Offline\aspot_bats\validation_kaleidoscope\denmark\denmark","C:\Offline\aspot_bats\validation_kaleidoscope\denmark_out","","KAMMER_20241009_171928.wav","0","0","7.965333","","","2024-10-09","17:19:28","17","2024-10-09","05:19:28","5","PIPPYG","14","14","1","0.703805","PIPPIP","","14","52.059","2.33","3.559","52.818","51.509","52.17","220.474","52.233","0.403","91.61","3.223","2.86","1","","","","","","yQnoWIbXwGaXvFoabiXvbQ==","",""
"C:\Offline\aspot_bats\validation_kaleidoscope\denmark\denmark","C:\Offline\aspot_bats\validation_kaleidoscope\denmark_out","","NS34_20230817_210801.wav","0","0","10.846","","","2023-08-17","21:08:01","21","2023-08-17","09:08:01","9","PIPPYG","13","13","1","0.923594","","","13","55.339","12.74","5.13","64.857","55.047","56.867","142.824","56.936","1.53","407.22","4.567","3.47","1","","","","","","Zo+8Xqehyi7eLLzhV34dvw==","",""
"C:\Offline\aspot_bats\validation_kaleidoscope\denmark\denmark","C:\Offline\aspot_bats\validation_kaleidoscope\denmark_out","","LAND5_20230829_030046.wav","0","0","4.361333","","","2023-08-29","03:00:46","3","2023-08-28","15:00:46","15","PIPPYG","4","4","1","0.809572","","","4","53.796","47.46","2.724","61.376","53.186","55.757","174.599","56.575","0.878","296","2.333","1.56","1","","","","","","kDXNLaOG2D5N/H/hHTsU2g==","",""
"C:\Offline\aspot_bats\validation_kaleidoscope\denmark\denmark","C:\Offline\aspot_bats\validation_kaleidoscope\denmark_out","","NS27S_20230515_015537.wav","0","0","15","","","2023-05-15","01:55:37","1","2023-05-14","13:55:37","13","PIPPYG","2","1","0.5","0.16836","","","2","46.725","-0.57","5.71","47.585","45.991","46.639","93.936","46.548","0.19","-272.48","4.608","1.15","1","","","","","","WsbnIEkaF3KSop3ZCpzD6A==","",""
"C:\Offline\aspot_bats\validation_kaleidoscope\denmark\denmark","C:\Offline\aspot_bats\validation_kaleidoscope\denmark_out","","REJSBY_20250403_002250.wav","0","0","8.576","","","2025-04-03","00:22:50","0","2025-04-02","12:22:50","12","PLEAUR","3","3","1","0.744635","","","3","24.621","125.63","4.343","35.119","18.909","25.335","254.371","27.32","1.426","407.23","2.519","1.13","1","","","","","","JrNqqgVEPi2fi4IHkDptgw==","",""
"C:\Offline\aspot_bats\validation_kaleidoscope\denmark\denmark","C:\Offline\aspot_bats\validation_kaleidoscope\denmark_out","","LAND5_20230829_003325.wav","0","0","15","","","2023-08-29","00:33:25","0","2023-08-28","12:33:25","12","VESMUR","31","23","0.742","0.165688","NYCNOC","","31","23.143","14.3","4.967","24.351","22.913","23.494","498.493","23.552","1.35","43.07","3.833","5.27","1","","","","","","IJS0yIZO6fdD0CaD1GUV5Q==","",""
"C:\Offline\aspot_bats\validation_kaleidoscope\denmark\denmark","C:\Offline\aspot_bats\validation_kaleidoscope\denmark_out","","ROEMOE_20230708_012550.wav","0","0","9.988","","","2023-07-08","01:25:50","1","2023-07-07","13:25:50","13","VESMUR","19","15","0.789","0.313009","NYCNOC","EPTSER","19","23.315","17.18","10.624","28.589","22.754","24.853","371.33","23.969","7.003","85.58","9.178","2.63","1","","","","","","1MsjBiBmZIqoX+MXOgUafg==","",""
"C:\Offline\aspot_bats\validation_kaleidoscope\denmark\denmark","C:\Offline\aspot_bats\validation_kaleidoscope\denmark_out","","LAND3_20230601_215146.wav","0","0","13.649333","","","2023-06-01","21:51:46","21","2023-06-01","09:51:46","9","VESMUR","41","13","0.317","0.169645","NYCNOC","EPTSER","41","23.892","17.55","7.965","30.645","23.353","25.49","252.207","24.531","5.077","144.47","7.019","11.74","1","","","","","","DbAy0gKFNi3rOjCQxwSYcw==","",""
"C:\Offline\aspot_bats\validation_kaleidoscope\denmark\denmark","C:\Offline\aspot_bats\validation_kaleidoscope\denmark_out","","KAMMER_20241010_004308.wav","0","0","12.256","","","2024-10-10","00:43:08","0","2024-10-09","12:43:08","12","VESMUR","10","9","0.9","0.093584","EPTSER","NYCNOC","10","24.411","13.75","5.725","25.66","24.157","24.794","1071.369","24.779","2.27","-19.32","4.109","2.75","1","","","","","","ZBapVbDCRolX0K0AwKt7ew==","",""
"C:\Offline\aspot_bats\validation_kaleidoscope\denmark\denmark","C:\Offline\aspot_bats\validation_kaleidoscope\denmark_out","","KAMMER_20241008_170651.wav","0","0","10.062667","","","2024-10-08","17:06:51","17","2024-10-08","05:06:51","5","VESMUR","10","6","0.6","0.319938","EPTSER","NYCNOC","10","24.86","17.19","5.652","27.445","24.579","25.623","436.938","25.395","3.331","49.08","5.07","3.01","1","","","","","","mPMddKevjjnDY1EJhTqcHg==","",""
"C:\Offline\aspot_bats\validation_kaleidoscope\denmark\denmark","C:\Offline\aspot_bats\validation_kaleidoscope\denmark_out","","HUSBY_20230829_203942.wav","0","0","9.749333","","","2023-08-29","20:39:42","20","2023-08-29","08:39:42","8","VESMUR","4","4","1","0.219667","","","4","24.322","7.95","8.267","25.678","23.871","24.662","946.967","24.373","5.321","-10.36","6.262","0.51","1","","","","","","1/IgNkX3Ybz5OeHYbysczg==","",""
"C:\Offline\aspot_bats\validation_kaleidoscope\denmark\denmark","C:\Offline\aspot_bats\validation_kaleidoscope\denmark_out","","NS33_20230908_201636.wav","0","0","5.912","","","2023-09-08","20:16:36","20","2023-09-08","08:16:36","8","VESMUR","2","2","1","0.550263","","","2","23.474","0.83","12.984","23.711","22.89","23.355","1007.059","23.537","0.17","62.1","6.712","0.47","1","","","","","","Ec88unElzFIKdw7M63fSyw==","",""
