INDIR,FOLDER,IN FILE,DURATION,DATE,TIME,HOUR,DATE-12,TIME-12,HOUR-12,LATITUDE,LONGITUDE,MODEL,SERIAL NO,FIRMWARE,PREFIX,NOTES,AUTO ID,PULSES,MATCHING,MATCH RATIO,MARGIN,FILES,MANUAL ID,ORGID,USERID,REVIEW ORGID,REVIEW USERID,INPATHMD5
C:\Offline\aspot_bats\validation_kaleidoscope\denmark\denmark,,BALLUM_20231201_064139.wav,5.018,2023-12-01,06:41:39,6,2023-11-30,18:41:39,18,55.06774,8.67996,SM4BAT-FS,S4U17627,2.4.6,BALLUM,,,,,,,1,,,,,,HpH7/y94IbgaCY/8NI1R4g==
C:\Offline\aspot_bats\validation_kaleidoscope\denmark\denmark,,BALLUM_20241007_182653.wav,9.970667,2024-10-07,18:26:53,18,2024-10-07,06:26:53,6,55.06774,8.67996,SM4BAT-FS,S4U17627,2.4.8,BALLUM,,,,,,,1,,,,,,DZnabOTT4tHQ/zfvnCvhpw==
C:\Offline\aspot_bats\validation_kaleidoscope\denmark\denmark,,BALLUM_20241007_183104.wav,15,2024-10-07,18:31:04,18,2024-10-07,06:31:04,6,55.06774,8.67996,SM4BAT-FS,S4U17627,2.4.8,BALLUM,,,,,,,1,,,,,,H+wVatq1DbIWYRYnhgYpxw==
C:\Offline\aspot_bats\validation_kaleidoscope\denmark\denmark,,BALLUM_20241007_182705.wav,15,2024-10-07,18:27:05,18,2024-10-07,06:27:05,6,55.06774,8.67996,SM4BAT-FS,S4U17627,2.4.8,BALLUM,,,,,,,1,,,,,,1KybPGSxnpki55Ag8Gf3iw==
C:\Offline\aspot_bats\validation_kaleidoscope\denmark\denmark,,BALLUM_20241007_182834.wav,15,2024-10-07,18:28:34,18,2024-10-07,06:28:34,6,55.06774,8.67996,SM4BAT-FS,S4U17627,2.4.8,BALLUM,,,,,,,1,,,,,,aMMIvwNVeDs6zpluWUhDKQ==
C:\Offline\aspot_bats\validation_kaleidoscope\denmark\denmark,,BALLUM_20241007_183157.wav,15,2024-10-07,18:31:57,18,2024-10-07,06:31:57,6,55.06774,8.67996,SM4BAT-FS,S4U17627,2.4.8,BALLUM,,,,,,,1,,,,,,6zR1KgcJOTaII+s6Uaem3Q==
C:\Offline\aspot_bats\validation_kaleidoscope\denmark\denmark,,BALLUM_20241011_203009.wav,5.617333,2024-10-11,20:30:09,20,2024-10-11,08:30:09,8,55.06774,8.67996,SM4BAT-FS,S4U17627,2.4.8,BALLUM,,,,,,,1,,,,,,hiSNNpeA0/kmWpBItlJnBg==
C:\Offline\aspot_bats\validation_kaleidoscope\denmark\denmark,,BLAAVAND_20230829_210617.wav,5.222667,2023-08-29,21:06:17,21,2023-08-29,09:06:17,9,55.55705,8.08675,SM4BAT-FS,S4U17581,2.4.6,BLAAVAND,,,,,,,1,,,,,,mJ5ObGsleki7dhI4+H3MJg==
C:\Offline\aspot_bats\validation_kaleidoscope\denmark\denmark,,BALLUM_20241007_183236.wav,15,2024-10-07,18:32:36,18,2024-10-07,06:32:36,6,55.06774,8.67996,SM4BAT-FS,S4U17627,2.4.8,BALLUM,,,,,,,1,,,,,,1uJVuIy/5IjwsHfqHwRqbw==
C:\Offline\aspot_bats\validation_kaleidoscope\denmark\denmark,,BALLUM_20241007_183326.wav,13.129333,2024-10-07,18:33:26,18,2024-10-07,06:33:26,6,55.06774,8.67996,SM4BAT-FS,S4U17627,2.4.8,BALLUM,,,,,,,1,,,,,,ydutzwWl9dJ6hJmZU10fpA==
C:\Offline\aspot_bats\validation_kaleidoscope\denmark\denmark,,BLAAVAND_20230829_190438.wav,10.538667,2023-08-29,19:04:38,19,2023-08-29,07:04:38,7,55.55705,8.08675,SM4BAT-FS,S4U17581,2.4.6,BLAAVAND,,,,,,,1,,,,,,MUmnljM58teHKVbot57Yhg==
C:\Offline\aspot_bats\validation_kaleidoscope\denmark\denmark,,BLAAVAND_20230829_212401.wav,9.958667,2023-08-29,21:24:01,21,2023-08-29,09:24:01,9,55.55705,8.08675,SM4BAT-FS,S4U17581,2.4.6,BLAAVAND,,,,,,,1,,,,,,DL1tUA1Pweuv12HfwU/zng==
C:\Offline\aspot_bats\validation_kaleidoscope\denmark\denmark,,BLAAVAND_20230830_012046.wav,5.241333,2023-08-30,01:20:46,1,2023-08-29,13:20:46,13,55.55705,8.08675,SM4BAT-FS,S4U17581,2.4.6,BLAAVAND,,,,,,,1,,,,,,8mjSRYQem85rzoZb9vwYdA==
C:\Offline\aspot_bats\validation_kaleidoscope\denmark\denmark,,BLAAVAND_20230830_204553.wav,3.341333,2023-08-30,20:45:53,20,2023-08-30,08:45:53,8,55.55705,8.08675,SM4BAT-FS,S4U17581,2.4.6,BLAAVAND,,,,,,,1,,,,,,wACT+7pQYfJqqs44GtYEUQ==
C:\Offline\aspot_bats\validation_kaleidoscope\denmark\denmark,,BLAAVAND_20230830_020618.wav,4.152,2023-08-30,02:06:18,2,2023-08-29,14:06:18,14,55.55705,8.08675,SM4BAT-FS,S4U17581,2.4.6,BLAAVAND,,,,,,,1,,,,,,8KzXhajCraBa/14a5LXqcw==
C:\Offline\aspot_bats\validation_kaleidoscope\denmark\denmark,,BLAAVAND_20230829_220635.wav,13.169333,2023-08-29,22:06:35,22,2023-08-29,10:06:35,10,55.55705,8.08675,SM4BAT-FS,S4U17581,2.4.6,BLAAVAND,,,,,,,1,,,,,,U7WnoVOMBByonIyftOM58Q==
C:\Offline\aspot_bats\validation_kaleidoscope\denmark\denmark,,BLAAVAND_20230830_024051.wav,5.044,2023-08-30,02:40:51,2,2023-08-29,14:40:51,14,55.55705,8.08675,SM4BAT-FS,S4U17581,2.4.6,BLAAVAND,,,,,,,1,,,,,,zRxm44u87UJkXX2aKLhJCw==
C:\Offline\aspot_bats\validation_kaleidoscope\denmark\denmark,,BLAAVAND_20230830_014704.wav,6.389333,2023-08-30,01:47:04,1,2023-08-29,13:47:04,13,55.55705,8.08675,SM4BAT-FS,S4U17581,2.4.6,BLAAVAND,,,,,,,1,,,,,,6tn97hjIAoAY1kQ9MoGs3Q==
C:\Offline\aspot_bats\validation_kaleidoscope\denmark\denmark,,BLAAVAND_20230831_191238.wav,4.664,2023-08-31,19:12:38,19,2023-08-31,07:12:38,7,55.55705,8.08675,SM4BAT-FS,S4U17581,2.4.6,BLAAVAND,,,,,,,1,,,,,,T2ssZgAi2Xuur4OwIC53Hw==
C:\Offline\aspot_bats\validation_kaleidoscope\denmark\denmark,,BLAAVAND_20240122_162759.wav,5.473333,2024-01-22,16:27:59,16,2024-01-22,04:27:59,4,55.55705,8.08675,SM4BAT-FS,S4U17581,2.4.6,BLAAVAND,,,,,,,1,,,,,,zzH35x3OT9BT5gAcKXuGBg==
C:\Offline\aspot_bats\validation_kaleidoscope\denmark\denmark,,BLAAVAND_20230831_190600.wav,4.804,2023-08-31,19:06:00,19,2023-08-31,07:06:00,7,55.55705,8.08675,SM4BAT-FS,S4U17581,2.4.6,BLAAVAND,,,,,,,1,,,,,,hSRT8E8aS+ZgBWW9D8G7ng==
C:\Offline\aspot_bats\validation_kaleidoscope\denmark\denmark,,BLAAVAND_20250320_183335.wav,3.209333,2025-03-20,18:33:35,18,2025-03-20,06:33:35,6,55.55705,8.08675,SM4BAT-FS,S4U17581,2.4.8,BLAAVAND,,,,,,,1,,,,,,+y126KphUfBALkH632I9dQ==
C:\Offline\aspot_bats\validation_kaleidoscope\denmark\denmark,,BLAAVAND_20230831_013141.wav,9.904,2023-08-31,01:31:41,1,2023-08-30,13:31:41,13,55.55705,8.08675,SM4BAT-FS,S4U17581,2.4.6,BLAAVAND,,,,,,,1,,,,,,AqB4h2Je7p3FJ7Z5tELxtg==
C:\Offline\aspot_bats\validation_kaleidoscope\denmark\denmark,,FANO_20230922_191751.wav,7.549333,2023-09-22,19:17:51,19,2023-09-22,07:17:51,7,55.55796,8.08325,SM4BAT-FS,S4U17595,2.4.6,FANO,,,,,,,1,,,,,,b3FS+X+KsmkqsZuViJArdw==
C:\Offline\aspot_bats\validation_kaleidoscope\denmark\denmark,,BLAAVAND_20250320_214155.wav,10.478666,2025-03-20,21:41:55,21,2025-03-20,09:41:55,9,55.55705,8.08675,SM4BAT-FS,S4U17581,2.4.8,BLAAVAND,,,,,,,1,,,,,,nVS9MxO6XwvKltTNgxI8hA==
C:\Offline\aspot_bats\validation_kaleidoscope\denmark\denmark,,BLAAVAND_20250320_212709.wav,12.224,2025-03-20,21:27:09,21,2025-03-20,09:27:09,9,55.55705,8.08675,SM4BAT-FS,S4U17581,2.4.8,BLAAVAND,,,,,,,1,,,,,,gshksGQqYypsQBCpYpzrDA==
C:\Offline\aspot_bats\validation_kaleidoscope\denmark\denmark,,FANO_20241105_210252.wav,10.998667,2024-11-05,21:02:52,21,2024-11-05,09:02:52,9,55.55796,8.08325,SM4BAT-FS,S4U17595,2.4.8,FANO,,,,,,,1,,,,,,82ZNOlLvTliWJ8nif8btKw==
C:\Offline\aspot_bats\validation_kaleidoscope\denmark\denmark,,BLAAVAND_20250320_183220.wav,15,2025-03-20,18:32:20,18,2025-03-20,06:32:20,6,55.55705,8.08675,SM4BAT-FS,S4U17581,2.4.8,BLAAVAND,,,,,,,1,,,,,,gSnJeQQ3wbSBtZFso/Fovw==
C:\Offline\aspot_bats\validation_kaleidoscope\denmark\denmark,,HR-A-A05_20230520_202305.wav,4.761333,2023-05-20,20:23:05,20,2023-05-20,08:23:05,8,55.69732,7.5719,SM4BAT-FS,S4U17625,2.4.6,HR-A-A05,,,,,,,1,,,,,,WLksAd6MuBP3zcWgInujNw==
C:\Offline\aspot_bats\validation_kaleidoscope\denmark\denmark,,FANO_20241105_213759.wav,8.082666,2024-11-05,21:37:59,21,2024-11-05,09:37:59,9,55.55796,8.08325,SM4BAT-FS,S4U17595,2.4.8,FANO,,,,,,,1,,,,,,+hAPJOHIikKeAyGOjcXT5A==
C:\Offline\aspot_bats\validation_kaleidoscope\denmark\denmark,,HR-A-A05_20230526_210658.wav,5.365334,2023-05-26,21:06:58,21,2023-05-26,09:06:58,9,55.69732,7.5719,SM4BAT-FS,S4U17625,2.4.6,HR-A-A05,,,,,,,1,,,,,,b/6675ILhGEJG59fsG7EUQ==
C:\Offline\aspot_bats\validation_kaleidoscope\denmark\denmark,,FANO_20241106_011709.wav,14.564,2024-11-06,01:17:09,1,2024-11-05,13:17:09,13,55.55796,8.08325,SM4BAT-FS,S4U17595,2.4.8,FANO,,,,,,,1,,,,,,TmenFTmesBEvID0DVkFaYg==
C:\Offline\aspot_bats\validation_kaleidoscope\denmark\denmark,,HR3-4S-C_20230428_005647.wav,13,2023-04-28,00:56:47,0,2023-04-27,12:56:47,12,55.73477,7.79082,SM4BAT-FS,S4U17597,2.4.6,HR3-4S-C,,,,,,,1,,,,,,voKQo5LURO5d0r4EL4jNAw==
C:\Offline\aspot_bats\validation_kaleidoscope\denmark\denmark,,HR-X_20231031_005702.wav,15,2023-10-31,00:57:02,0,2023-10-30,12:57:02,12,55.5629,8.18023,SM4BAT-FS,S4U17625,2.4.6,HR-X,,,,,,,1,,,,,,amEIbtz9ai9c1Lf4Dq85fg==
C:\Offline\aspot_bats\validation_kaleidoscope\denmark\denmark,,HR-V_20231114_055918.wav,15,2023-11-14,05:59:18,5,2023-11-13,17:59:18,17,55.71619,8.22766,SM4BAT-FS,S4U17603,2.4.6,HR-V,,,,,,,1,,,,,,yU1642i2gcnPjk0rebYj+A==
C:\Offline\aspot_bats\validation_kaleidoscope\denmark\denmark,,HUSBY_20230829_190440.wav,4.298666,2023-08-29,19:04:40,19,2023-08-29,07:04:40,7,55.55796,8.08325,SM4BAT-FS,S4U17614,2.4.6,HUSBY,,,,,,,1,,,,,,KurMsbV8neYQ3/Oa15lhQA==
C:\Offline\aspot_bats\validation_kaleidoscope\denmark\denmark,,HR-F01_20230618_214002.wav,15,2023-06-18,21:40:02,21,2023-06-18,09:40:02,9,55.70688,7.7086,SM4BAT-FS,S4U17629,2.4.6,HR-F01,,,,,,,1,,,,,,dmHI3TCBv6WTtblsHnvdKA==
C:\Offline\aspot_bats\validation_kaleidoscope\denmark\denmark,,HR3-X_20230908_033321.wav,9.972,2023-09-08,03:33:21,3,2023-09-07,15:33:21,15,55.55806,8.08333,SM4BAT-FS,S4U14415,2.4.6,HR3-X,,,,,,,1,,,,,,wI6xjuDBHIzQt5YXWFMftQ==
C:\Offline\aspot_bats\validation_kaleidoscope\denmark\denmark,,HUSBY_20230829_191554.wav,4.489333,2023-08-29,19:15:54,19,2023-08-29,07:15:54,7,55.55796,8.08325,SM4BAT-FS,S4U17614,2.4.6,HUSBY,,,,,,,1,,,,,,+jjYCOEM/k94ceFFCTaGtg==
C:\Offline\aspot_bats\validation_kaleidoscope\denmark\denmark,,HR3-Z_20230915_201245.wav,9.97,2023-09-15,20:12:45,20,2023-09-15,08:12:45,8,55.55806,8.08333,SM4BAT-FS,S4U17620,2.4.6,HR3-Z,,,,,,,1,,,,,,qsEA19gQm9dUaZLvDpNY8A==
C:\Offline\aspot_bats\validation_kaleidoscope\denmark\denmark,,HR3-X_20231009_024216.wav,9.956,2023-10-09,02:42:16,2,2023-10-08,14:42:16,14,55.55806,8.08333,SM4BAT-FS,S4U14415,2.4.6,HR3-X,,,,,,,1,,,,,,3M4Ba8t0oZC8B5a1qCL/Kw==
C:\Offline\aspot_bats\validation_kaleidoscope\denmark\denmark,,HUSBY_20230829_191726.wav,7.545333,2023-08-29,19:17:26,19,2023-08-29,07:17:26,7,55.55796,8.08325,SM4BAT-FS,S4U17614,2.4.6,HUSBY,,,,,,,1,,,,,,Cb80ffgKIxwol1md2dhj+Q==
C:\Offline\aspot_bats\validation_kaleidoscope\denmark\denmark,,HUSBY_20230829_205848.wav,6.676,2023-08-29,20:58:48,20,2023-08-29,08:58:48,8,55.55796,8.08325,SM4BAT-FS,S4U17614,2.4.6,HUSBY,,,,,,,1,,,,,,DpUHiLgwX/gkfK7v0O4PrA==
C:\Offline\aspot_bats\validation_kaleidoscope\denmark\denmark,,HUSBY_20230829_203942.wav,9.749333,2023-08-29,20:39:42,20,2023-08-29,08:39:42,8,55.55796,8.08325,SM4BAT-FS,S4U17614,2.4.6,HUSBY,,,,,,,1,,,,,,1/IgNkX3Ybz5OeHYbysczg==
C:\Offline\aspot_bats\validation_kaleidoscope\denmark\denmark,,HUSBY_20230829_205258.wav,8.056,2023-08-29,20:52:58,20,2023-08-29,08:52:58,8,55.55796,8.08325,SM4BAT-FS,S4U17614,2.4.6,HUSBY,,,,,,,1,,,,,,w5m/hJaDrck/2/rwDT4T3A==
C:\Offline\aspot_bats\validation_kaleidoscope\denmark\denmark,,HUSBY_20240620_231845.wav,3.246667,2024-06-20,23:18:45,23,2024-06-20,11:18:45,11,55.55796,8.08325,SM4BAT-FS,S4U17614,2.4.8,HUSBY,,,,,,,1,,,,,,wAU/aHFVvbsOM5jMbw3OWw==
C:\Offline\aspot_bats\validation_kaleidoscope\denmark\denmark,,HUSBY_20240620_210916.wav,3.566667,2024-06-20,21:09:16,21,2024-06-20,09:09:16,9,55.55796,8.08325,SM4BAT-FS,S4U17614,2.4.8,HUSBY,,,,,,,1,,,,,,YLkXqLqsjr2fzy7LDp0wWg==
C:\Offline\aspot_bats\validation_kaleidoscope\denmark\denmark,,HUSBY_20231012_034740.wav,5.530667,2023-10-12,03:47:40,3,2023-10-11,15:47:40,15,55.55796,8.08325,SM4BAT-FS,S4U17614,2.4.6,HUSBY,,,,,,,1,,,,,,Na5JcE2eZyQbPJDp2GIzqA==
C:\Offline\aspot_bats\validation_kaleidoscope\denmark\denmark,,HUSBY_20240620_235943.wav,5.621333,2024-06-20,23:59:43,23,2024-06-20,11:59:43,11,55.55796,8.08325,SM4BAT-FS,S4U17614,2.4.8,HUSBY,,,,,,,1,,,,,,Cijjyp/Ya4M9U5QbZJcnmg==
C:\Offline\aspot_bats\validation_kaleidoscope\denmark\denmark,,HUSBY_20240621_004854.wav,3.402667,2024-06-21,00:48:54,0,2024-06-20,12:48:54,12,55.55796,8.08325,SM4BAT-FS,S4U17614,2.4.8,HUSBY,,,,,,,1,,,,,,Bo+4U1VgNYAPxry5JTrVig==
C:\Offline\aspot_bats\validation_kaleidoscope\denmark\denmark,,HUSBY_20250408_193109.wav,3.241333,2025-04-08,19:31:09,19,2025-04-08,07:31:09,7,56.27866,8.1706,SM4BAT-FS,S4U17614,2.4.8,HUSBY,,,,,,,1,,,,,,Z1TO13gvQS8BJnHFsO1MtA==
C:\Offline\aspot_bats\validation_kaleidoscope\denmark\denmark,,HUSBY_20230829_214434.wav,15,2023-08-29,21:44:34,21,2023-08-29,09:44:34,9,55.55796,8.08325,SM4BAT-FS,S4U17614,2.4.6,HUSBY,,,,,,,1,,,,,,L7TEPsGJf1hntDOEaR33KA==
C:\Offline\aspot_bats\validation_kaleidoscope\denmark\denmark,,HUSBY_20250409_004313.wav,3.490667,2025-04-09,00:43:13,0,2025-04-08,12:43:13,12,56.27866,8.1706,SM4BAT-FS,S4U17614,2.4.8,HUSBY,,,,,,,1,,,,,,zTNoT1kjigtYhvKsUIBScw==
C:\Offline\aspot_bats\validation_kaleidoscope\denmark\denmark,,HUSBY_20250306_033929.wav,9.097333,2025-03-06,03:39:29,3,2025-03-05,15:39:29,15,56.27866,8.1706,SM4BAT-FS,S4U17614,2.4.8,HUSBY,,,,,,,1,,,,,,2+rawQvDy2CtRq3F/tmGfg==
C:\Offline\aspot_bats\validation_kaleidoscope\denmark\denmark,,HUSBY_20250409_230303.wav,4.746666,2025-04-09,23:03:03,23,2025-04-09,11:03:03,11,56.27866,8.1706,SM4BAT-FS,S4U17614,2.4.8,HUSBY,,,,,,,1,,,,,,Tv3IOVIWxKRZbHH3C6SoRA==
C:\Offline\aspot_bats\validation_kaleidoscope\denmark\denmark,,KAMMER_20231127_064750.wav,6.386,2023-11-27,06:47:50,6,2023-11-26,18:47:50,18,55.34035,8.66735,SM4BAT-FS,S4U17633,2.4.6,KAMMER,,,,,,,1,,,,,,dGUDLPHAPqLhk/BrPtJUyw==
C:\Offline\aspot_bats\validation_kaleidoscope\denmark\denmark,,HUSBY_20250408_193929.wav,15,2025-04-08,19:39:29,19,2025-04-08,07:39:29,7,56.27866,8.1706,SM4BAT-FS,S4U17614,2.4.8,HUSBY,,,,,,,1,,,,,,CinOKazC+lw6YVqYeVQHag==
C:\Offline\aspot_bats\validation_kaleidoscope\denmark\denmark,,HUSBY_20250409_004346.wav,10.568,2025-04-09,00:43:46,0,2025-04-08,12:43:46,12,56.27866,8.1706,SM4BAT-FS,S4U17614,2.4.8,HUSBY,,,,,,,1,,,,,,54FuMtaZwhFDdj/UZAJDzw==
C:\Offline\aspot_bats\validation_kaleidoscope\denmark\denmark,,HUSBY_20250409_004404.wav,15,2025-04-09,00:44:04,0,2025-04-08,12:44:04,12,56.27866,8.1706,SM4BAT-FS,S4U17614,2.4.8,HUSBY,,,,,,,1,,,,,,NDg+F6Zc7/l6z9UteTCN0A==
C:\Offline\aspot_bats\validation_kaleidoscope\denmark\denmark,,KAMMER_20241008_170651.wav,10.062667,2024-10-08,17:06:51,17,2024-10-08,05:06:51,5,55.34035,8.66735,SM4BAT-FS,S4U17633,2.4.8,KAMMER,,,,,,,1,,,,,,mPMddKevjjnDY1EJhTqcHg==
C:\Offline\aspot_bats\validation_kaleidoscope\denmark\denmark,,KAMMER_20241009_171928.wav,7.965333,2024-10-09,17:19:28,17,2024-10-09,05:19:28,5,55.34035,8.66735,SM4BAT-FS,S4U17633,2.4.8,KAMMER,,,,,,,1,,,,,,yQnoWIbXwGaXvFoabiXvbQ==
C:\Offline\aspot_bats\validation_kaleidoscope\denmark\denmark,,KAMMER_20241010_020222.wav,7.514667,2024-10-10,02:02:22,2,2024-10-09,14:02:22,14,55.34035,8.66735,SM4BAT-FS,S4U17633,2.4.8,KAMMER,,,,,,,1,,,,,,nYc2YyoQDvQqSYmQabRmvg==
C:\Offline\aspot_bats\validation_kaleidoscope\denmark\denmark,,LAND-BALLUM_20230426_044413.wav,5.422667,2023-04-26,04:44:13,4,2023-04-25,16:44:13,16,55.06774,8.67996,SM4BAT-FS,S4U12270,2.4.6,LAND-BALLUM,,,,,,,1,,,,,,S12m5p9CX8Uh80uG3QhMWQ==
C:\Offline\aspot_bats\validation_kaleidoscope\denmark\denmark,,KAMMER_20241010_004308.wav,12.256,2024-10-10,00:43:08,0,2024-10-09,12:43:08,12,55.34035,8.66735,SM4BAT-FS,S4U17633,2.4.8,KAMMER,,,,,,,1,,,,,,ZBapVbDCRolX0K0AwKt7ew==
C:\Offline\aspot_bats\validation_kaleidoscope\denmark\denmark,,KAMMER_20241010_022007.wav,7.076,2024-10-10,02:20:07,2,2024-10-09,14:20:07,14,55.34035,8.66735,SM4BAT-FS,S4U17633,2.4.8,KAMMER,,,,,,,1,,,,,,e6GXRDT/gJfwvvTTL2BNdQ==
C:\Offline\aspot_bats\validation_kaleidoscope\denmark\denmark,,LAND10-LOT1_20230628_001954.wav,3.005333,2023-06-28,00:19:54,0,2023-06-27,12:19:54,12,55.55796,8.08325,SM4BAT-FS,S4U17623,2.4.6,LAND10-LOT1,,,,,,,1,,,,,,ht+eI1a1klZauFMaUhGnIQ==
C:\Offline\aspot_bats\validation_kaleidoscope\denmark\denmark,,LAND10-LOT1_20230628_002339.wav,4.237333,2023-06-28,00:23:39,0,2023-06-27,12:23:39,12,55.55796,8.08325,SM4BAT-FS,S4U17623,2.4.6,LAND10-LOT1,,,,,,,1,,,,,,JkOTjoisBlqTOff0qetCrA==
C:\Offline\aspot_bats\validation_kaleidoscope\denmark\denmark,,KAMMER_20241009_230948.wav,15,2024-10-09,23:09:48,23,2024-10-09,11:09:48,11,55.34035,8.66735,SM4BAT-FS,S4U17633,2.4.8,KAMMER,,,,,,,1,,,,,,AglLAra7OOqRw1Wm/At7sw==
C:\Offline\aspot_bats\validation_kaleidoscope\denmark\denmark,,LAND10-LOT1_20230624_231020.wav,14.309334,2023-06-24,23:10:20,23,2023-06-24,11:10:20,11,55.55796,8.08325,SM4BAT-FS,S4U17623,2.4.6,LAND10-LOT1,,,,,,,1,,,,,,/GRKbKeTbeyhoK2s/nKr6Q==
C:\Offline\aspot_bats\validation_kaleidoscope\denmark\denmark,,LAND1_20230504_200011.wav,8.522667,2023-05-04,20:00:11,20,2023-05-04,08:00:11,8,55.55796,8.08325,SM4BAT-FS,S4U17633,2.4.6,LAND1,,,,,,,1,,,,,,aHHsu/YlN4DETKPy9VYumA==
C:\Offline\aspot_bats\validation_kaleidoscope\denmark\denmark,,LAND1_20230628_005012.wav,3.446667,2023-06-28,00:50:12,0,2023-06-27,12:50:12,12,55.34035,8.66735,SM4BAT-FS,S4U17633,2.4.6,LAND1,,,,,,,1,,,,,,NtZQlX0eTgfDpfqDJC2x3g==
C:\Offline\aspot_bats\validation_kaleidoscope\denmark\denmark,,LAND10-LOT1_20230629_012546.wav,14.768,2023-06-29,01:25:46,1,2023-06-28,13:25:46,13,55.55796,8.08325,SM4BAT-FS,S4U17623,2.4.6,LAND10-LOT1,,,,,,,1,,,,,,VE/jNobu6iTup2uBKn1bOQ==
C:\Offline\aspot_bats\validation_kaleidoscope\denmark\denmark,,LAND1_20230720_214241.wav,4.062667,2023-07-20,21:42:41,21,2023-07-20,09:42:41,9,55.34035,8.66735,SM4BAT-FS,S4U17633,2.4.6,LAND1,,,,,,,1,,,,,,B+/dbb5kG4hC7tKxuiUdRw==
C:\Offline\aspot_bats\validation_kaleidoscope\denmark\denmark,,LAND1_20230625_002633.wav,13.490666,2023-06-25,00:26:33,0,2023-06-24,12:26:33,12,55.55796,8.08325,SM4BAT-FS,S4U17633,2.4.6,LAND1,,,,,,,1,,,,,,LNsyb4GmrmTAg6a99nLPYQ==
C:\Offline\aspot_bats\validation_kaleidoscope\denmark\denmark,,LAND2_20230515_031547.wav,3.033333,2023-05-15,03:15:47,3,2023-05-14,15:15:47,15,55.55796,8.08325,SM4BAT-FS,S4U17581,2.4.6,LAND2,,,,,,,1,,,,,,hLriYxAIzgzz9l6cvWodGw==
C:\Offline\aspot_bats\validation_kaleidoscope\denmark\denmark,,LAND10-LOT1_20230811_195633.wav,15,2023-08-11,19:56:33,19,2023-08-11,07:56:33,7,55.55796,8.08325,SM4BAT-FS,S4U17623,2.4.6,LAND10-LOT1,,,,,,,1,,,,,,9nn2wxacdu3OhM8H9BQChw==
C:\Offline\aspot_bats\validation_kaleidoscope\denmark\denmark,,LAND1_20230806_210334.wav,11.958667,2023-08-06,21:03:34,21,2023-08-06,09:03:34,9,55.34035,8.66735,SM4BAT-FS,S4U17633,2.4.6,LAND1,,,,,,,1,,,,,,jZpGins6QKiQ+9NoHRU/fg==
C:\Offline\aspot_bats\validation_kaleidoscope\denmark\denmark,,LAND3_20230506_021738.wav,9.313334,2023-05-06,02:17:38,2,2023-05-05,14:17:38,14,55.55796,8.08325,SM4BAT-FS,S4U17599,2.4.6,LAND3,,,,,,,1,,,,,,yhTjFFPONuozJz+tgFmDDg==
C:\Offline\aspot_bats\validation_kaleidoscope\denmark\denmark,,LAND2_20230428_212919.wav,12.116,2023-04-28,21:29:19,21,2023-04-28,09:29:19,9,55.55796,8.08325,SM4BAT-FS,S4U17581,2.4.6,LAND2,,,,,,,1,,,,,,xHlPAwSXICOm8YAxRclrXQ==
C:\Offline\aspot_bats\validation_kaleidoscope\denmark\denmark,,LAND3_20230530_211935.wav,14.146667,2023-05-30,21:19:35,21,2023-05-30,09:19:35,9,55.55796,8.08325,SM4BAT-FS,S4U17599,2.4.6,LAND3,,,,,,,1,,,,,,42h5zEBDGioYr1YRkJcXUQ==
C:\Offline\aspot_bats\validation_kaleidoscope\denmark\denmark,,LAND3_20230601_215146.wav,13.649333,2023-06-01,21:51:46,21,2023-06-01,09:51:46,9,55.55796,8.08325,SM4BAT-FS,S4U17599,2.4.6,LAND3,,,,,,,1,,,,,,DbAy0gKFNi3rOjCQxwSYcw==
C:\Offline\aspot_bats\validation_kaleidoscope\denmark\denmark,,LAND3_20230820_233355.wav,6.170667,2023-08-20,23:33:55,23,2023-08-20,11:33:55,11,55.91275,8.40485,SM4BAT-FS,S4U17599,2.4.6,LAND3,,,,,,,1,,,,,,qsksp4Ot83RsHs9PDhRKhw==
C:\Offline\aspot_bats\validation_kaleidoscope\denmark\denmark,,LAND3_20230606_230738.wav,13.701333,2023-06-06,23:07:38,23,2023-06-06,11:07:38,11,55.55796,8.08325,SM4BAT-FS,S4U17599,2.4.6,LAND3,,,,,,,1,,,,,,XO7Q4QL/bdYp1RjPIadn0Q==
C:\Offline\aspot_bats\validation_kaleidoscope\denmark\denmark,,LAND3_20230710_213315.wav,14.194667,2023-07-10,21:33:15,21,2023-07-10,09:33:15,9,55.91275,8.40485,SM4BAT-FS,S4U17599,2.4.6,LAND3,,,,,,,1,,,,,,IueRexJ9NJMPPxBD4Q4H5A==
C:\Offline\aspot_bats\validation_kaleidoscope\denmark\denmark,,LAND4_20230629_025823.wav,3.424,2023-06-29,02:58:23,2,2023-06-28,14:58:23,14,55.55796,8.08325,SM4BAT-FS,S4U17596,2.4.6,LAND4,,,,,,,1,,,,,,BI+Epzo7uV0kWP2RNIsPUQ==
C:\Offline\aspot_bats\validation_kaleidoscope\denmark\denmark,,LAND4_20230703_033333.wav,3.010667,2023-07-03,03:33:33,3,2023-07-02,15:33:33,15,55.55796,8.08325,SM4BAT-FS,S4U17596,2.4.6,LAND4,,,,,,,1,,,,,,4oWuu7QeVAXaWKJG0jAmcA==
C:\Offline\aspot_bats\validation_kaleidoscope\denmark\denmark,,LAND4_20230705_040655.wav,3.229333,2023-07-05,04:06:55,4,2023-07-04,16:06:55,16,55.55796,8.08325,SM4BAT-FS,S4U17596,2.4.6,LAND4,,,,,,,1,,,,,,OsLroYeqrOMWUVPBlYhAug==
C:\Offline\aspot_bats\validation_kaleidoscope\denmark\denmark,,LAND4_20230812_015921.wav,7.908,2023-08-12,01:59:21,1,2023-08-11,13:59:21,13,55.55796,8.08325,SM4BAT-FS,S4U17596,2.4.6,LAND4,,,,,,,1,,,,,,RyK8x7g3K/Tkwlyw2KDr6A==
C:\Offline\aspot_bats\validation_kaleidoscope\denmark\denmark,,LAND4_20230814_011416.wav,5.029333,2023-08-14,01:14:16,1,2023-08-13,13:14:16,13,55.55796,8.08325,SM4BAT-FS,S4U17596,2.4.6,LAND4,,,,,,,1,,,,,,X9lp9le+fhnrwJFKdgNYmw==
C:\Offline\aspot_bats\validation_kaleidoscope\denmark\denmark,,LAND5_20230628_205504.wav,3.26,2023-06-28,20:55:04,20,2023-06-28,08:55:04,8,55.55796,8.08325,SM4BAT-FS,S4U17614,2.4.6,LAND5,,,,,,,1,,,,,,sf86Ie1pYmZOlTcMaiF0+Q==
C:\Offline\aspot_bats\validation_kaleidoscope\denmark\denmark,,LAND5_20230629_003510.wav,3.138667,2023-06-29,00:35:10,0,2023-06-28,12:35:10,12,55.55796,8.08325,SM4BAT-FS,S4U17614,2.4.6,LAND5,,,,,,,1,,,,,,G6sS2QskD6cYdGwp/U65MQ==
C:\Offline\aspot_bats\validation_kaleidoscope\denmark\denmark,,LAND4_20230625_223259.wav,15,2023-06-25,22:32:59,22,2023-06-25,10:32:59,10,55.55796,8.08325,SM4BAT-FS,S4U17596,2.4.6,LAND4,,,,,,,1,,,,,,GFcOlRdZwJ0awdmnukvuvg==
C:\Offline\aspot_bats\validation_kaleidoscope\denmark\denmark,,LAND5_20230711_013634.wav,3.304,2023-07-11,01:36:34,1,2023-07-10,13:36:34,13,55.55796,8.08325,SM4BAT-FS,S4U17614,2.4.6,LAND5,,,,,,,1,,,,,,mTk46r+HuvLUB2uiixi3Tw==
C:\Offline\aspot_bats\validation_kaleidoscope\denmark\denmark,,LAND5_20230718_005542.wav,6.308,2023-07-18,00:55:42,0,2023-07-17,12:55:42,12,55.55796,8.08325,SM4BAT-FS,S4U17614,2.4.6,LAND5,,,,,,,1,,,,,,UHL7AggRLlm+vH9AM6dQSQ==
C:\Offline\aspot_bats\validation_kaleidoscope\denmark\denmark,,LAND5_20230722_020045.wav,3.604,2023-07-22,02:00:45,2,2023-07-21,14:00:45,14,55.55796,8.08325,SM4BAT-FS,S4U17614,2.4.6,LAND5,,,,,,,1,,,,,,68ldmAZKslTdJQURYi6e2Q==
C:\Offline\aspot_bats\validation_kaleidoscope\denmark\denmark,,LAND4_20230625_222921.wav,15,2023-06-25,22:29:21,22,2023-06-25,10:29:21,10,55.55796,8.08325,SM4BAT-FS,S4U17596,2.4.6,LAND4,,,,,,,1,,,,,,fuom0XTZTlfqpR025MbtfA==
C:\Offline\aspot_bats\validation_kaleidoscope\denmark\denmark,,LAND5_20230806_022927.wav,4.573333,2023-08-06,02:29:27,2,2023-08-05,14:29:27,14,55.55796,8.08325,SM4BAT-FS,S4U17614,2.4.6,LAND5,,,,,,,1,,,,,,ravgfnCTeVFGxe2n2gcIQQ==
C:\Offline\aspot_bats\validation_kaleidoscope\denmark\denmark,,LAND5_20230806_021128.wav,8.629333,2023-08-06,02:11:28,2,2023-08-05,14:11:28,14,55.55796,8.08325,SM4BAT-FS,S4U17614,2.4.6,LAND5,,,,,,,1,,,,,,pfRw5VXNQ239ipskL+97Hw==
C:\Offline\aspot_bats\validation_kaleidoscope\denmark\denmark,,LAND5_20230728_014558.wav,7.152,2023-07-28,01:45:58,1,2023-07-27,13:45:58,13,55.55796,8.08325,SM4BAT-FS,S4U17614,2.4.6,LAND5,,,,,,,1,,,,,,oNjH1DNJf3QvFcZESLy10A==
C:\Offline\aspot_bats\validation_kaleidoscope\denmark\denmark,,LAND5_20230828_233838.wav,4.516,2023-08-28,23:38:38,23,2023-08-28,11:38:38,11,55.55796,8.08325,SM4BAT-FS,S4U17614,2.4.6,LAND5,,,,,,,1,,,,,,TDg01jrimv1hZRG8CXIUYQ==
C:\Offline\aspot_bats\validation_kaleidoscope\denmark\denmark,,LAND5_20230725_014414.wav,11.690666,2023-07-25,01:44:14,1,2023-07-24,13:44:14,13,55.55796,8.08325,SM4BAT-FS,S4U17614,2.4.6,LAND5,,,,,,,1,,,,,,lBlR22DySHp937hAIWLuGg==
C:\Offline\aspot_bats\validation_kaleidoscope\denmark\denmark,,LAND5_20230708_232216.wav,11.885333,2023-07-08,23:22:16,23,2023-07-08,11:22:16,11,55.55796,8.08325,SM4BAT-FS,S4U17614,2.4.6,LAND5,,,,,,,1,,,,,,0LbExB8vKuT5hGxDcfX/NQ==
C:\Offline\aspot_bats\validation_kaleidoscope\denmark\denmark,,LAND5_20230829_030046.wav,4.361333,2023-08-29,03:00:46,3,2023-08-28,15:00:46,15,55.55796,8.08325,SM4BAT-FS,S4U17614,2.4.6,LAND5,,,,,,,1,,,,,,kDXNLaOG2D5N/H/hHTsU2g==
C:\Offline\aspot_bats\validation_kaleidoscope\denmark\denmark,,LAND5_20230828_234339.wav,7.649333,2023-08-28,23:43:39,23,2023-08-28,11:43:39,11,55.55796,8.08325,SM4BAT-FS,S4U17614,2.4.6,LAND5,,,,,,,1,,,,,,RmOG3fg3JIwm//BsfUS3Kw==
C:\Offline\aspot_bats\validation_kaleidoscope\denmark\denmark,,LAND5_20230828_234351.wav,6.38,2023-08-28,23:43:51,23,2023-08-28,11:43:51,11,55.55796,8.08325,SM4BAT-FS,S4U17614,2.4.6,LAND5,,,,,,,1,,,,,,ztPBUQ5yzRVLHqfZ88Vw8A==
C:\Offline\aspot_bats\validation_kaleidoscope\denmark\denmark,,LAND5_20230829_022720.wav,7.304,2023-08-29,02:27:20,2,2023-08-28,14:27:20,14,55.55796,8.08325,SM4BAT-FS,S4U17614,2.4.6,LAND5,,,,,,,1,,,,,,OAtlEOGE/Px8qhPgYJ6eig==
C:\Offline\aspot_bats\validation_kaleidoscope\denmark\denmark,,LAND5_20230829_003325.wav,15,2023-08-29,00:33:25,0,2023-08-28,12:33:25,12,55.55796,8.08325,SM4BAT-FS,S4U17614,2.4.6,LAND5,,,,,,,1,,,,,,IJS0yIZO6fdD0CaD1GUV5Q==
C:\Offline\aspot_bats\validation_kaleidoscope\denmark\denmark,,LAND6-LOT1_20230819_032750.wav,7.256,2023-08-19,03:27:50,3,2023-08-18,15:27:50,15,55.06774,8.67996,SM4BAT-FS,S4U17627,2.4.6,LAND6-LOT1,,,,,,,1,,,,,,iZvrjXlfk1aqV6hf1oT/yg==
C:\Offline\aspot_bats\validation_kaleidoscope\denmark\denmark,,LAND6-LOT1_20230613_005416.wav,9.650666,2023-06-13,00:54:16,0,2023-06-12,12:54:16,12,55.06774,8.67996,SM4BAT-FS,S4U17627,2.4.6,LAND6-LOT1,,,,,,,1,,,,,,fJ+HVGxRjQWXQyzkGbTvJg==
C:\Offline\aspot_bats\validation_kaleidoscope\denmark\denmark,,LAND7-LOT1_20230703_015956.wav,15,2023-07-03,01:59:56,1,2023-07-02,13:59:56,13,55.55796,8.08325,SM4BAT-FS,S4U17622,2.4.6,LAND7-LOT1,,,,,,,1,,,,,,+Z4WNGZ80uEzn+YqRaawEg==
C:\Offline\aspot_bats\validation_kaleidoscope\denmark\denmark,,LAND7-LOT1_20230908_203144.wav,15,2023-09-08,20:31:44,20,2023-09-08,08:31:44,8,55.55796,8.08325,SM4BAT-FS,S4U17622,2.4.6,LAND7-LOT1,,,,,,,1,,,,,,Vab5qvE3/vfELfAXAWvPnQ==
C:\Offline\aspot_bats\validation_kaleidoscope\denmark\denmark,,LAND8-LOT1_20230520_025141.wav,7.885334,2023-05-20,02:51:41,2,2023-05-19,14:51:41,14,55.55796,8.08325,SM4BAT-FS,S4U17634,2.4.6,LAND8-LOT1,,,,,,,1,,,,,,pb8pmCrECpXrWQavDu3DNQ==
C:\Offline\aspot_bats\validation_kaleidoscope\denmark\denmark,,LAND8-LOT1_20230508_195828.wav,10.377334,2023-05-08,19:58:28,19,2023-05-08,07:58:28,7,55.55796,8.08325,SM4BAT-FS,S4U17634,2.4.6,LAND8-LOT1,,,,,,,1,,,,,,k08/3wZ1KlRklEC8UGX4EQ==
C:\Offline\aspot_bats\validation_kaleidoscope\denmark\denmark,,LAND9-LOT1_20230615_210103.wav,3.476,2023-06-15,21:01:03,21,2023-06-15,09:01:03,9,55.55796,8.08325,SM4BAT-FS,S4U17595,2.4.6,LAND9-LOT1,,,,,,,1,,,,,,Ni3WE2K40oR22YDrDLHRdQ==
C:\Offline\aspot_bats\validation_kaleidoscope\denmark\denmark,,LAND8-LOT1_20230508_200613.wav,12.638667,2023-05-08,20:06:13,20,2023-05-08,08:06:13,8,55.55796,8.08325,SM4BAT-FS,S4U17634,2.4.6,LAND8-LOT1,,,,,,,1,,,,,,Zk/FpdDVaADX9xh1fyPbAw==
C:\Offline\aspot_bats\validation_kaleidoscope\denmark\denmark,,LAND9-LOT1_20230605_024156.wav,6.662667,2023-06-05,02:41:56,2,2023-06-04,14:41:56,14,55.55796,8.08325,SM4BAT-FS,S4U17595,2.4.6,LAND9-LOT1,,,,,,,1,,,,,,0qzZQg3Ah28JuXFPoPynnw==
C:\Offline\aspot_bats\validation_kaleidoscope\denmark\denmark,,LAND9-LOT1_20230510_015740.wav,10.049334,2023-05-10,01:57:40,1,2023-05-09,13:57:40,13,55.55796,8.08325,SM4BAT-FS,S4U17595,2.4.6,LAND9-LOT1,,,,,,,1,,,,,,luXWbfr/HAHZ8bsEzy1+uA==
C:\Offline\aspot_bats\validation_kaleidoscope\denmark\denmark,,LAND8-LOT1_20230507_200529.wav,15,2023-05-07,20:05:29,20,2023-05-07,08:05:29,8,55.55796,8.08325,SM4BAT-FS,S4U17634,2.4.6,LAND8-LOT1,,,,,,,1,,,,,,8V2GndqDWQM8X2EjqpnHpw==
C:\Offline\aspot_bats\validation_kaleidoscope\denmark\denmark,,LOT1-ONBOARD_20230427_230920.wav,10.906667,2023-04-27,23:09:20,23,2023-04-27,11:09:20,11,,,,,,,,,,,,,1,,,,,,uAohsUni5FK7cxv1NL3hFQ==
C:\Offline\aspot_bats\validation_kaleidoscope\denmark\denmark,,LAND9-LOT1_20230723_013850.wav,13.617333,2023-07-23,01:38:50,1,2023-07-22,13:38:50,13,55.55796,8.08325,SM4BAT-FS,S4U17595,2.4.6,LAND9-LOT1,,,,,,,1,,,,,,aofXdqYG3NQtQ0ikZRajtA==
C:\Offline\aspot_bats\validation_kaleidoscope\denmark\denmark,,LOT1-ONBOARD_20230427_191535.wav,13,2023-04-27,19:15:35,19,2023-04-27,07:15:35,7,55.98287,7.53255,SM4BAT-FS,S4U02557,2.4.6,LOT1-ONBOARD,,,,,,,1,,,,,,0M3dKoSmVZ2Vs5eXdzeplw==
C:\Offline\aspot_bats\validation_kaleidoscope\denmark\denmark,,LOT1-ONBOARD_20231008_213220.wav,3.682667,2023-10-08,21:32:20,21,2023-10-08,09:32:20,9,55.98287,7.53255,SM4BAT-FS,S4U02627,2.4.6,LOT1-ONBOARD,,,,,,,1,,,,,,ikFTxjzLVonEmv5ytDc+uA==
C:\Offline\aspot_bats\validation_kaleidoscope\denmark\denmark,,LOT1-ONBOARD_20230518_011229.wav,13,2023-05-18,01:12:29,1,2023-05-17,13:12:29,13,55.98287,7.53255,SM4BAT-FS,S4U02557,2.4.6,LOT1-ONBOARD,,,,,,,1,,,,,,ufDq89vOsVCLr83EcIREnw==
C:\Offline\aspot_bats\validation_kaleidoscope\denmark\denmark,,LOT1-ONBOARD_20230426_221445.wav,13,2023-04-26,22:14:45,22,2023-04-26,10:14:45,10,55.98287,7.53255,SM4BAT-FS,S4U02557,2.4.6,LOT1-ONBOARD,,,,,,,1,,,,,,tBnTIukSfGAeyAxkYC95nw==
C:\Offline\aspot_bats\validation_kaleidoscope\denmark\denmark,,LOT1-ONBOARD_20231206_200449.wav,8.324,2023-12-06,20:04:49,20,2023-12-06,08:04:49,8,55.98287,7.53255,SM4BAT-FS,S4U02627,2.4.6,LOT1-ONBOARD,,,,,,,1,,,,,,nHw4mXYHSRvlqm036U6+zA==
C:\Offline\aspot_bats\validation_kaleidoscope\denmark\denmark,,LOT1-ONBOARD_20240209_171136.wav,6.608,2024-02-09,17:11:36,17,2024-02-09,05:11:36,5,55.98287,7.53255,SM4BAT-FS,S4U02627,2.4.6,LOT1-ONBOARD,,,,,,,1,,,,,,JLCuZY/rawa1QgKm6VMisQ==
C:\Offline\aspot_bats\validation_kaleidoscope\denmark\denmark,,MANDO_20240209_175826.wav,6.944,2024-02-09,17:58:26,17,2024-02-09,05:58:26,5,55.55796,8.08325,SM4BAT-FS,S4U17622,2.4.6,MANDO,,,,,,,1,,,,,,EfqTwYW4YLs495E2BXtz6g==
C:\Offline\aspot_bats\validation_kaleidoscope\denmark\denmark,,LOT1-ONBOARD_20230810_200147.wav,13,2023-08-10,20:01:47,20,2023-08-10,08:01:47,8,55.98287,7.53255,SM4BAT-FS,S4U02627,2.4.6,LOT1-ONBOARD,,,,,,,1,,,,,,XCXbkNfe0aWdsTSwxg1mWA==
C:\Offline\aspot_bats\validation_kaleidoscope\denmark\denmark,,MANDO_20241008_192538.wav,11.706667,2024-10-08,19:25:38,19,2024-10-08,07:25:38,7,55.55796,8.08325,SM4BAT-FS,S4U17622,2.4.8,MANDO,,,,,,,1,,,,,,XbaA+agviawK5B8g2+i8Iw==
C:\Offline\aspot_bats\validation_kaleidoscope\denmark\denmark,,NS12_20230903_014740.wav,9.002,2023-09-03,01:47:40,1,2023-09-02,13:47:40,13,55.97842,7.19602,SM4BAT-FS,S4U17573,2.4.6,NS12,,,,,,,1,,,,,,N5U5rJWEEyEbR3RQa6uiKA==
C:\Offline\aspot_bats\validation_kaleidoscope\denmark\denmark,,NS14_20230808_025730.wav,5.108,2023-08-08,02:57:30,2,2023-08-07,14:57:30,14,56.35937,7.17648,SM4BAT-FS,S4U17593,2.4.6,NS14,,,,,,,1,,,,,,GqoYsumBn6eCsPtSvLDqog==
C:\Offline\aspot_bats\validation_kaleidoscope\denmark\denmark,,MANDO_20241008_230440.wav,13.278666,2024-10-08,23:04:40,23,2024-10-08,11:04:40,11,55.55796,8.08325,SM4BAT-FS,S4U17622,2.4.8,MANDO,,,,,,,1,,,,,,OgzmuQq5bY1BHBPlBv3LiA==
C:\Offline\aspot_bats\validation_kaleidoscope\denmark\denmark,,NS13_20230413_001352.wav,9.528,2023-04-13,00:13:52,0,2023-04-12,12:13:52,12,56.16899,7.18712,SM4BAT-FS,S4U17626,2.4.6,NS13,,,,,,,1,,,,,,MbzRU16uOyKd4ceTvUEIng==
C:\Offline\aspot_bats\validation_kaleidoscope\denmark\denmark,,NS14_20230424_223244.wav,15,2023-04-24,22:32:44,22,2023-04-24,10:32:44,10,56.35936,7.17649,SM4BAT-FS,S4U17576,2.4.6,NS14,,,,,,,1,,,,,,zyUcMk3HK/bNzYlcaPAd7A==
C:\Offline\aspot_bats\validation_kaleidoscope\denmark\denmark,,NS19-LOT1_20230916_023448.wav,8.624,2023-09-16,02:34:48,2,2023-09-15,14:34:48,14,55.79228,7.5397,SM4BAT-FS,S4U14275,2.4.6,NS19-LOT1,,,,,,,1,,,,,,y40LVPTx6FBHjP58EHchdw==
C:\Offline\aspot_bats\validation_kaleidoscope\denmark\denmark,,NS12_20230413_220104.wav,15,2023-04-13,22:01:04,22,2023-04-13,10:01:04,10,55.97842,7.19602,SM4BAT-FS,S4U17571,2.4.6,NS12,,,,,,,1,,,,,,nNd6irgR6zaTYkOu3u2lsg==
C:\Offline\aspot_bats\validation_kaleidoscope\denmark\denmark,,NS16_20230429_002326.wav,15,2023-04-29,00:23:26,0,2023-04-28,12:23:26,12,55.88547,7.36837,SM4BAT-FS,S4U17570,2.4.6,NS16,,,,,,,1,,,,,,ftRsTakFRaD7e79IJAHPNA==
C:\Offline\aspot_bats\validation_kaleidoscope\denmark\denmark,,NS19_20231125_202443.wav,5.55,2023-11-25,20:24:43,20,2023-11-25,08:24:43,8,55.79229,7.5397,SM4BAT-FS,S4U17598,2.4.6,NS19,,,,,,,1,,,,,,cQaY5tkX4XkztIxBb0tJyA==
C:\Offline\aspot_bats\validation_kaleidoscope\denmark\denmark,,NS21_20231222_032729.wav,9.146,2023-12-22,03:27:29,3,2023-12-21,15:27:29,15,56.17347,7.52514,SM4BAT-FS,S4U17593,2.4.6,NS21,,,,,,,1,,,,,,aL0FweVbaT8JvxoaH34hRw==
C:\Offline\aspot_bats\validation_kaleidoscope\denmark\denmark,,NS19_20230512_035323.wav,15,2023-05-12,03:53:23,3,2023-05-11,15:53:23,15,55.79229,7.5397,SM4BAT-FS,S4U17582,2.4.6,NS19,,,,,,,1,,,,,,jTmT1YNsc/ibQPZl3qCFSg==
C:\Offline\aspot_bats\validation_kaleidoscope\denmark\denmark,,NS24S_20230510_044303.wav,15,2023-05-10,04:43:03,4,2023-05-09,16:43:03,16,55.88947,7.70791,SM4BAT-FS,S4U17574,2.4.6,NS24S,,,,,,,1,,,,,,c6rPopuQPuQkLcLGlQUEMw==
C:\Offline\aspot_bats\validation_kaleidoscope\denmark\denmark,,NS21_20230422_003040.wav,15,2023-04-22,00:30:40,0,2023-04-21,12:30:40,12,56.1734,7.52514,SM4BAT-FS,S4U17593,2.4.6,NS21,,,,,,,1,,,,,,XZCa25+BlfsVqXj/E1+Rzg==
C:\Offline\aspot_bats\validation_kaleidoscope\denmark\denmark,,NS25_20230907_203558.wav,7.746,2023-09-07,20:35:58,20,2023-09-07,08:35:58,8,56.08137,7.70147,SM4BAT-FS,S4U17570,2.4.6,NS25,,,,,,,1,,,,,,Zqb1qAsrqk5b+efDmC9UXA==
C:\Offline\aspot_bats\validation_kaleidoscope\denmark\denmark,,NS25_20240225_001129.wav,7.076,2024-02-25,00:11:29,0,2024-02-24,12:11:29,12,56.08158,7.70086,SM4BAT-FS,S4U18217,2.4.8,NS25,,,,,,,1,,,,,,zf1Ks1/NIE8jrlSjdX3aog==
C:\Offline\aspot_bats\validation_kaleidoscope\denmark\denmark,,NS20_20230416_034005.wav,15,2023-04-16,03:40:05,3,2023-04-15,15:40:05,15,55.98287,7.53255,SM4BAT-FS,S4U17612,2.4.6,NS20,,,,,,,1,,,,,,CXr3IN0zl4zAjLmPbpRw1Q==
C:\Offline\aspot_bats\validation_kaleidoscope\denmark\denmark,,NS28_20230827_214057.wav,12.922,2023-08-27,21:40:57,21,2023-08-27,09:40:57,9,55.79588,7.8797,SM4BAT-FS,S4U17598,2.4.6,NS28,,,,,,,1,,,,,,Gy7pAQGHD/ZsN2J5sQpgSw==
C:\Offline\aspot_bats\validation_kaleidoscope\denmark\denmark,,NS27S_20230515_015537.wav,15,2023-05-15,01:55:37,1,2023-05-14,13:55:37,13,55.6053,7.88513,SM4BAT-FS,S4U17637,2.4.6,NS27S,,,,,,,1,,,,,,WsbnIEkaF3KSop3ZCpzD6A==
C:\Offline\aspot_bats\validation_kaleidoscope\denmark\denmark,,NS28S_20230419_223157.wav,15,2023-04-19,22:31:57,22,2023-04-19,10:31:57,10,55.79587,7.87969,SM4BAT-FS,S4U17607,2.4.6,NS28S,,,,,,,1,,,,,,mOINyat8t7L1VAgV/+ASUQ==
C:\Offline\aspot_bats\validation_kaleidoscope\denmark\denmark,,NS25_20230416_215344.wav,15,2023-04-16,21:53:44,21,2023-04-16,09:53:44,9,56.08137,7.70145,SM4BAT-FS,S4U17598,2.4.6,NS25,,,,,,,1,,,,,,qTrr+UYv7zEgcaVKDcpGAw==
C:\Offline\aspot_bats\validation_kaleidoscope\denmark\denmark,,NS29_20230502_220323.wav,15,2023-05-02,22:03:23,22,2023-05-02,10:03:23,10,55.98644,7.87419,SM4BAT-FS,S4U17620,2.4.6,NS29,,,,,,,1,,,,,,FqtU5iEyzr01P/w3ceUI9w==
C:\Offline\aspot_bats\validation_kaleidoscope\denmark\denmark,,NS30_20230831_222903.wav,12.274,2023-08-31,22:29:03,22,2023-08-31,10:29:03,10,56.177,7.86862,SM4BAT-FS,S4U17617,2.4.6,NS30,,,,,,,1,,,,,,VpluxUnM124j8Wu3mecdtQ==
C:\Offline\aspot_bats\validation_kaleidoscope\denmark\denmark,,NS31_20230510_220047.wav,15,2023-05-10,22:00:47,22,2023-05-10,10:00:47,10,56.36755,7.86298,SM4BAT-FS,S4U17617,2.4.6,NS31,,,,,,,1,,,,,,sjEQL7LYT7/yK2Nm+vQpBA==
C:\Offline\aspot_bats\validation_kaleidoscope\denmark\denmark,,NS31_20230831_200539.wav,14.96,2023-08-31,20:05:39,20,2023-08-31,08:05:39,8,56.36757,7.86298,SM4BAT-FS,S4U17572,2.4.6,NS31,,,,,,,1,,,,,,asNrgJmr+HA8qtBIQ13RyA==
C:\Offline\aspot_bats\validation_kaleidoscope\denmark\denmark,,NS33_20230908_201636.wav,5.912,2023-09-08,20:16:36,20,2023-09-08,08:16:36,8,55.8926,8.04652,SM4BAT-FS,S4U17582,2.4.6,NS33,,,,,,,1,,,,,,Ec88unElzFIKdw7M63fSyw==
C:\Offline\aspot_bats\validation_kaleidoscope\denmark\denmark,,NS32S_20230416_221739.wav,15,2023-04-16,22:17:39,22,2023-04-16,10:17:39,10,55.70201,8.05116,SM4BAT-FS,S4U17619,2.4.6,NS32S,,,,,,,1,,,,,,6Zj4Ughz4qRJLkM6/nVINg==
C:\Offline\aspot_bats\validation_kaleidoscope\denmark\denmark,,NS30_20230417_235235.wav,15,2023-04-17,23:52:35,23,2023-04-17,11:52:35,11,56.177,7.86861,SM4BAT-FS,S4U17592,2.4.6,NS30,,,,,,,1,,,,,,0VIZTJk7fm7Amep1IziPVA==
C:\Offline\aspot_bats\validation_kaleidoscope\denmark\denmark,,NS33_20230420_052743.wav,15,2023-04-20,05:27:43,5,2023-04-19,17:27:43,17,55.89259,8.04651,SM4BAT-FS,S4U17605,2.4.6,NS33,,,,,,,1,,,,,,pKa0OnkmxzCNE5v+s24/Iw==
C:\Offline\aspot_bats\validation_kaleidoscope\denmark\denmark,,NS34_20230817_210801.wav,10.846,2023-08-17,21:08:01,21,2023-08-17,09:08:01,9,56.08317,8.04182,SM4BAT-FS,S4U17609,2.4.6,NS34,,,,,,,1,,,,,,Zo+8Xqehyi7eLLzhV34dvw==
C:\Offline\aspot_bats\validation_kaleidoscope\denmark\denmark,,NS35_20230427_033705.wav,15,2023-04-27,03:37:05,3,2023-04-26,15:37:05,15,56.27373,8.03705,SM4BAT-FS,S4U17609,2.4.6,NS35,,,,,,,1,,,,,,vXeNDCTdd/E0pgryH/RLCg==
C:\Offline\aspot_bats\validation_kaleidoscope\denmark\denmark,,NS35_20230825_210618.wav,13.112,2023-08-25,21:06:18,21,2023-08-25,09:06:18,9,56.27373,8.03705,SM4BAT-FS,S4U17580,2.4.6,NS35,,,,,,,1,,,,,,uWwVzVPNSxNHyOydoFGqGw==
C:\Offline\aspot_bats\validation_kaleidoscope\denmark\denmark,,NS34_20230417_235429.wav,14.389334,2023-04-17,23:54:29,23,2023-04-17,11:54:29,11,56.08316,8.04181,SM4BAT-FS,S4U17573,2.4.6,NS34,,,,,,,1,,,,,,3xH2HGNx1rxb2gC3tRKzQw==
C:\Offline\aspot_bats\validation_kaleidoscope\denmark\denmark,,NYMND-PLTG_20231011_194825.wav,6.884,2023-10-11,19:48:25,19,2023-10-11,07:48:25,7,55.55796,8.08325,SM4BAT-FS,S4U17634,2.4.6,NYMND-PLTG,,,,,,,1,,,,,,fyKJDT7nEFkXG1qsvg8XJg==
C:\Offline\aspot_bats\validation_kaleidoscope\denmark\denmark,,NS6-C_20230425_052617.wav,13,2023-04-25,05:26:17,5,2023-04-24,17:26:17,17,56.16338,6.84414,SM4BAT-FS,S4U17580,2.4.6,NS6-C,,,,,,,1,,,,,,Gs/bHgv/Aaa/0lvbASErcA==
C:\Offline\aspot_bats\validation_kaleidoscope\denmark\denmark,,NS6_20230909_001531.wav,11.832,2023-09-09,00:15:31,0,2023-09-08,12:15:31,12,56.16338,6.84413,SM4BAT-FS,S4U17626,2.4.6,NS6,,,,,,,1,,,,,,kGlW0MuhULHNM5UGw0m6PA==
C:\Offline\aspot_bats\validation_kaleidoscope\denmark\denmark,,NS6-C_20230414_015632.wav,13,2023-04-14,01:56:32,1,2023-04-13,13:56:32,13,56.16338,6.84414,SM4BAT-FS,S4U17580,2.4.6,NS6-C,,,,,,,1,,,,,,CCo5+OmVPSS/5nVfnPp1Jg==
C:\Offline\aspot_bats\validation_kaleidoscope\denmark\denmark,,NYMND-PLTG_20240322_051329.wav,6.498667,2024-03-22,05:13:29,5,2024-03-21,17:13:29,17,55.55796,8.08325,SM4BAT-FS,S4U17634,2.4.8,NYMND-PLTG,,,,,,,1,,,,,,hKg+R7JDxtvh7L6twu3MNg==
C:\Offline\aspot_bats\validation_kaleidoscope\denmark\denmark,,NYMND-PLTG_20241009_221309.wav,9.081333,2024-10-09,22:13:09,22,2024-10-09,10:13:09,10,55.55796,8.08325,SM4BAT-FS,S4U17634,2.4.8,NYMND-PLTG,,,,,,,1,,,,,,h3eOCcMqY7H6T+QTwZiQ/g==
C:\Offline\aspot_bats\validation_kaleidoscope\denmark\denmark,,NYMND-PLTG_20241010_045358.wav,9.196,2024-10-10,04:53:58,4,2024-10-09,16:53:58,16,55.55796,8.08325,SM4BAT-FS,S4U17634,2.4.8,NYMND-PLTG,,,,,,,1,,,,,,+cwAY0z2l3ZM4d/R5PbiSQ==
C:\Offline\aspot_bats\validation_kaleidoscope\denmark\denmark,,NYMND-PLTG_20241023_040457.wav,7.528,2024-10-23,04:04:57,4,2024-10-22,16:04:57,16,55.55796,8.08325,SM4BAT-FS,S4U17634,2.4.8,NYMND-PLTG,,,,,,,1,,,,,,KyV5FEdgWeq8BXDu/ZC7zA==
C:\Offline\aspot_bats\validation_kaleidoscope\denmark\denmark,,NYMND-PLTG_20241023_014715.wav,7.506667,2024-10-23,01:47:15,1,2024-10-22,13:47:15,13,55.55796,8.08325,SM4BAT-FS,S4U17634,2.4.8,NYMND-PLTG,,,,,,,1,,,,,,jJFWIGn6AOAsoc+YfoR5+Q==
C:\Offline\aspot_bats\validation_kaleidoscope\denmark\denmark,,NYMND-PLTG_20241023_170621.wav,10.274667,2024-10-23,17:06:21,17,2024-10-23,05:06:21,5,55.55796,8.08325,SM4BAT-FS,S4U17634,2.4.8,NYMND-PLTG,,,,,,,1,,,,,,QDQ0pFnw7Sm9taRAvBntFg==
C:\Offline\aspot_bats\validation_kaleidoscope\denmark\denmark,,REJSBY_20231105_173556.wav,5.04,2023-11-05,17:35:56,17,2023-11-05,05:35:56,5,55.55796,8.08325,SM4BAT-FS,S4U17623,2.4.6,REJSBY,,,,,,,1,,,,,,QW+APLMOqhYXftAdsoR+WA==
C:\Offline\aspot_bats\validation_kaleidoscope\denmark\denmark,,NYMND-PLTG_20241025_220930.wav,4.464,2024-10-25,22:09:30,22,2024-10-25,10:09:30,10,55.55796,8.08325,SM4BAT-FS,S4U17634,2.4.8,NYMND-PLTG,,,,,,,1,,,,,,CdUM6GQSwswmtzxsy67nxg==
C:\Offline\aspot_bats\validation_kaleidoscope\denmark\denmark,,NS8_20230415_041228.wav,15,2023-04-15,04:12:28,4,2023-04-14,16:12:28,16,55.88101,7.02863,SM4BAT-FS,S4U17586,2.4.6,NS8,,,,,,,1,,,,,,xltE+kCwJDV3kQnzSVoUYA==
C:\Offline\aspot_bats\validation_kaleidoscope\denmark\denmark,,NYMND-PLTG_20241023_180614.wav,8.290667,2024-10-23,18:06:14,18,2024-10-23,06:06:14,6,55.55796,8.08325,SM4BAT-FS,S4U17634,2.4.8,NYMND-PLTG,,,,,,,1,,,,,,BfRt2Qndkm9DCF1LPCdkBg==
C:\Offline\aspot_bats\validation_kaleidoscope\denmark\denmark,,REJSBY_20240403_203640.wav,9.054667,2024-04-03,20:36:40,20,2024-04-03,08:36:40,8,55.55796,8.08325,SM4BAT-FS,S4U17623,2.4.8,REJSBY,,,,,,,1,,,,,,giHK1clkJl/Z2BmzcKnmGQ==
C:\Offline\aspot_bats\validation_kaleidoscope\denmark\denmark,,REJSBY_20250329_215116.wav,7.036,2025-03-29,21:51:16,21,2025-03-29,09:51:16,9,55.2372,8.7078,SM4BAT-FS,S4U17623,2.4.8,REJSBY,,,,,,,1,,,,,,NI/IgQ6TkEqkHKie1vXF5w==
C:\Offline\aspot_bats\validation_kaleidoscope\denmark\denmark,,REJSBY_20250401_205222.wav,7.22,2025-04-01,20:52:22,20,2025-04-01,08:52:22,8,55.2372,8.7078,SM4BAT-FS,S4U17623,2.4.8,REJSBY,,,,,,,1,,,,,,AkZQ1uDcLlSkwuBA25oErQ==
C:\Offline\aspot_bats\validation_kaleidoscope\denmark\denmark,,REJSBY_20250401_195326.wav,9.874666,2025-04-01,19:53:26,19,2025-04-01,07:53:26,7,55.2372,8.7078,SM4BAT-FS,S4U17623,2.4.8,REJSBY,,,,,,,1,,,,,,KwQC7JY89X/lK2qmjFBsJA==
C:\Offline\aspot_bats\validation_kaleidoscope\denmark\denmark,,REJSBY_20250402_012558.wav,9.822667,2025-04-02,01:25:58,1,2025-04-01,13:25:58,13,55.2372,8.7078,SM4BAT-FS,S4U17623,2.4.8,REJSBY,,,,,,,1,,,,,,a6gi4W96tVI7GOrxsMyPDw==
C:\Offline\aspot_bats\validation_kaleidoscope\denmark\denmark,,REJSBY_20250403_002250.wav,8.576,2025-04-03,00:22:50,0,2025-04-02,12:22:50,12,55.2372,8.7078,SM4BAT-FS,S4U17623,2.4.8,REJSBY,,,,,,,1,,,,,,JrNqqgVEPi2fi4IHkDptgw==
C:\Offline\aspot_bats\validation_kaleidoscope\denmark\denmark,,REJSBY_20250402_183605.wav,12.637333,2025-04-02,18:36:05,18,2025-04-02,06:36:05,6,55.2372,8.7078,SM4BAT-FS,S4U17623,2.4.8,REJSBY,,,,,,,1,,,,,,Iaj0GBh2uIUtCJCw3JuquQ==
C:\Offline\aspot_bats\validation_kaleidoscope\denmark\denmark,,ROEMOE_20230708_012550.wav,9.988,2023-07-08,01:25:50,1,2023-07-07,13:25:50,13,55.10255,8.49832,SM4BAT-FS,S4U17604,2.4.6,ROEMOE,,,,,,,1,,,,,,1MsjBiBmZIqoX+MXOgUafg==
C:\Offline\aspot_bats\validation_kaleidoscope\denmark\denmark,,REJSBY_20250329_190949.wav,15,2025-03-29,19:09:49,19,2025-03-29,07:09:49,7,55.2372,8.7078,SM4BAT-FS,S4U17623,2.4.8,REJSBY,,,,,,,1,,,,,,C69x8ML8A5eJ9eYUHYeB1g==
C:\Offline\aspot_bats\validation_kaleidoscope\denmark\denmark,,REJSBY_20250403_030007.wav,10.442667,2025-04-03,03:00:07,3,2025-04-02,15:00:07,15,55.2372,8.7078,SM4BAT-FS,S4U17623,2.4.8,REJSBY,,,,,,,1,,,,,,v7Jif2C3/8Sl8NqC8jTgOQ==
C:\Offline\aspot_bats\validation_kaleidoscope\denmark\denmark,,ROEMOE_20230807_022813.wav,5.606667,2023-08-07,02:28:13,2,2023-08-06,14:28:13,14,55.10255,8.49832,SM4BAT-FS,S4U17604,2.4.6,ROEMOE,,,,,,,1,,,,,,+lWYPEn3LLPDROvPqiUrjQ==
C:\Offline\aspot_bats\validation_kaleidoscope\denmark\denmark,,ROEMOE_20230726_210355.wav,5.597333,2023-07-26,21:03:55,21,2023-07-26,09:03:55,9,55.10255,8.49832,SM4BAT-FS,S4U17604,2.4.6,ROEMOE,,,,,,,1,,,,,,AYzKG76x3IqLNy3M23BUxg==
C:\Offline\aspot_bats\validation_kaleidoscope\denmark\denmark,,ROEMOE_20231208_210038.wav,8.496,2023-12-08,21:00:38,21,2023-12-08,09:00:38,9,55.10255,8.49832,SM4BAT-FS,S4U17604,2.4.6,ROEMOE,,,,,,,1,,,,,,ev6DCI8yKqtk4gB1d1tLtw==
C:\Offline\aspot_bats\validation_kaleidoscope\denmark\denmark,,ROEMOE_20240221_194911.wav,11.918667,2024-02-21,19:49:11,19,2024-02-21,07:49:11,7,55.10255,8.49832,SM4BAT-FS,S4U17604,2.4.6,ROEMOE,,,,,,,1,,,,,,thuLL2n2ckn/Jj8tQJGosA==
C:\Offline\aspot_bats\validation_kaleidoscope\denmark\denmark,,ROEMOE_20241008_040015.wav,7.033333,2024-10-08,04:00:15,4,2024-10-07,16:00:15,16,55.10255,8.49832,SM4BAT-FS,S4U17604,2.4.8,ROEMOE,,,,,,,1,,,,,,+DcWcA4ZOm9tvxLVCVwryQ==
C:\Offline\aspot_bats\validation_kaleidoscope\denmark\denmark,,ROEMOE_20230810_213203.wav,15,2023-08-10,21:32:03,21,2023-08-10,09:32:03,9,55.10255,8.49832,SM4BAT-FS,S4U17604,2.4.6,ROEMOE,,,,,,,1,,,,,,FHju5Fmg+w7+7aBUZUfxFA==
C:\Offline\aspot_bats\validation_kaleidoscope\denmark\denmark,,SKAGEN_20240103_211549.wav,8.984,2024-01-03,21:15:49,21,2024-01-03,09:15:49,9,57.74531,10.64704,SM4BAT-FS,S4U05565,2.4.6,SKAGEN,,,,,,,1,,,,,,iCJdOT4GfOUEbr/H4uJP3Q==
C:\Offline\aspot_bats\validation_kaleidoscope\denmark\denmark,,ROEMOE_20241007_230059.wav,14.298667,2024-10-07,23:00:59,23,2024-10-07,11:00:59,11,55.10255,8.49832,SM4BAT-FS,S4U17604,2.4.8,ROEMOE,,,,,,,1,,,,,,09sL9fDJp+42usvVhHTRkA==
C:\Offline\aspot_bats\validation_kaleidoscope\denmark\denmark,,SKAGEN_20231019_163226.wav,13.69,2023-10-19,16:32:26,16,2023-10-19,04:32:26,4,57.74531,10.64704,SM4BAT-FS,S4U05565,2.4.6,SKAGEN,,,,,,,1,,,,,,IdQnJR2P73js16LqLekI7w==
C:\Offline\aspot_bats\validation_kaleidoscope\denmark\denmark,,SKAGEN_20230728_025032.wav,13,2023-07-28,02:50:32,2,2023-07-27,14:50:32,14,57.74531,10.64704,SM4BAT-FS,S4U05565,2.4.6,SKAGEN,,,,,,,1,,,,,,NqTJj0DScTie0qahRKdYUQ==
C:\Offline\aspot_bats\validation_kaleidoscope\denmark\denmark,,SKJERN_20250409_221312.wav,3.004,2025-04-09,22:13:12,22,2025-04-09,10:13:12,10,55.90144,8.38915,SM4BAT-FS,S4U18502,2.4.8,SKJERN,,,,,,,1,,,,,,N9PYBud/CQO0BWcpkGsDvQ==
C:\Offline\aspot_bats\validation_kaleidoscope\denmark\denmark,,SKJERN_20231110_191255.wav,11.397333,2023-11-10,19:12:55,19,2023-11-10,07:12:55,7,55.91275,8.40485,SM4BAT-FS,S4U17599,2.4.6,SKJERN,,,,,,,1,,,,,,iZv/9mXyUhwpijRM7zfCXw==
C:\Offline\aspot_bats\validation_kaleidoscope\denmark\denmark,,SKJERN_20240221_214349.wav,5.010667,2024-02-21,21:43:49,21,2024-02-21,09:43:49,9,55.91275,8.40485,SM4BAT-FS,S4U17599,2.4.6,SKJERN,,,,,,,1,,,,,,l7/qUZEFsWz2FSpmbIUOTA==
C:\Offline\aspot_bats\validation_kaleidoscope\denmark\denmark,,SKJERN_20250407_201527.wav,6.969333,2025-04-07,20:15:27,20,2025-04-07,08:15:27,8,55.90144,8.38915,SM4BAT-FS,S4U18502,2.4.8,SKJERN,,,,,,,1,,,,,,73jb3nc8Xvf15hHTM0RoCQ==
C:\Offline\aspot_bats\validation_kaleidoscope\denmark\denmark,,STADILO_20250402_214504.wav,5.668,2025-04-02,21:45:04,21,2025-04-02,09:45:04,9,55.89269,8.1458,SM4BAT-FS,S4U17582,2.4.8,STADILO,,,,,,,1,,,,,,0ZovHgqgAmjJRWvyd13+0g==
C:\Offline\aspot_bats\validation_kaleidoscope\denmark\denmark,,STADILOE_20240321_221150.wav,9.062667,2024-03-21,22:11:50,22,2024-03-21,10:11:50,10,55.55796,8.08325,SM4BAT-FS,S4U17596,2.4.8,STADILOE,,,,,,,1,,,,,,2dKc/e96lrjyRRQ3ZDOi1w==
C:\Offline\aspot_bats\validation_kaleidoscope\denmark\denmark,,STADILOE_20240102_224359.wav,15,2024-01-02,22:43:59,22,2024-01-02,10:43:59,10,55.55796,8.08325,SM4BAT-FS,S4U17596,2.4.6,STADILOE,,,,,,,1,,,,,,dLlTFH+8N9KcyU0pZqWmgg==
C:\Offline\aspot_bats\validation_kaleidoscope\denmark\denmark,,STADILO_20250402_213551.wav,8.390667,2025-04-02,21:35:51,21,2025-04-02,09:35:51,9,55.89269,8.1458,SM4BAT-FS,S4U17582,2.4.8,STADILO,,,,,,,1,,,,,,cJQrAGn87O/Ne+svHfZ0jg==
C:\Offline\aspot_bats\validation_kaleidoscope\denmark\denmark,,STADILO_20250402_232001.wav,4.046667,2025-04-02,23:20:01,23,2025-04-02,11:20:01,11,55.89269,8.1458,SM4BAT-FS,S4U17582,2.4.8,STADILO,,,,,,,1,,,,,,hri08a+zJxFsUf02WuIjgw==
C:\Offline\aspot_bats\validation_kaleidoscope\denmark\denmark,,STADILO_20250402_221721.wav,7.876,2025-04-02,22:17:21,22,2025-04-02,10:17:21,10,55.89269,8.1458,SM4BAT-FS,S4U17582,2.4.8,STADILO,,,,,,,1,,,,,,XG7+KtnZiZ+MM7vNZeeBfQ==
C:\Offline\aspot_bats\validation_kaleidoscope\denmark\denmark,,STADILO_20250402_220825.wav,7.1,2025-04-02,22:08:25,22,2025-04-02,10:08:25,10,55.89269,8.1458,SM4BAT-FS,S4U17582,2.4.8,STADILO,,,,,,,1,,,,,,gsGcN1dWMWbRI8njq8vDjA==
C:\Offline\aspot_bats\validation_kaleidoscope\denmark\denmark,,STADILO_20250402_211359.wav,15,2025-04-02,21:13:59,21,2025-04-02,09:13:59,9,55.89269,8.1458,SM4BAT-FS,S4U17582,2.4.8,STADILO,,,,,,,1,,,,,,Mxr5Leqks32M0HtcCXC4Sg==
C:\Offline\aspot_bats\validation_kaleidoscope\denmark\denmark,,STADILO_20250403_013233.wav,9.002666,2025-04-03,01:32:33,1,2025-04-02,13:32:33,13,55.89269,8.1458,SM4BAT-FS,S4U17582,2.4.8,STADILO,,,,,,,1,,,,,,48qPXguH3aqMZfeSfzI2vg==
C:\Offline\aspot_bats\validation_kaleidoscope\denmark\denmark,,T3-NS26C_20230907_201147.wav,13,2023-09-07,20:11:47,20,2023-09-07,08:11:47,8,56.2706,7.69458,SM4BAT-FS,S4U17576,2.4.6,T3-NS26C,,,,,,,1,,,,,,zbryYcWTmlogmzimY1Zv6Q==
C:\Offline\aspot_bats\validation_kaleidoscope\denmark\denmark,,T3-NS26-C_20230502_021917.wav,13,2023-05-02,02:19:17,2,2023-05-01,14:19:17,14,56.2706,7.69458,SM4BAT-FS,S4U17572,2.4.6,T3-NS26-C,,,,,,,1,,,,,,0bQ7bpgyip6FeFEOQA7cSA==
