Dossier;Fichier;Id;Contact;Groupe;IGp;Espece;ISp;Annee;Mois;Jour;Heure;Minute;Date;Temps;Date_nuit;Lieu;NbCris;Fdom;IntMed;Iqual;Ics;Ibuz;Fmin;X_WGS84;Y_WGS84;
F:/denmark/denmark;BALLUM_20241007_182653.wav;Pipnat;Principale;Pipnat;8;Pipnat;7;2024;10;07;18;26;07/10/2024;18:26;07/10/2024;BALLUM;5;40;166;7;0;0;39;0.000000;0.000000;
F:/denmark/denmark;BALLUM_20241007_183104.wav;ChiroSp;Principale;Pip50;4;PippiT;4;2024;10;07;18;31;07/10/2024;18:31;07/10/2024;BALLUM;4;21;0;6;10;0;18;0.000000;0.000000;
F:/denmark/denmark;BALLUM_20241007_183104.wav;PippiT;Principale;Pip50;10;PippiT;10;2024;10;07;18;31;07/10/2024;18:31;07/10/2024;BALLUM;26;25;0;8;10;0;19;0.000000;0.000000;
F:/denmark/denmark;BALLUM_20241007_183104.wav;PippiT;Principale;Pip50;10;PippiT;10;2024;10;07;18;31;07/10/2024;18:31;07/10/2024;BALLUM;26;47;0;8;9;0;47;0.000000;0.000000;
F:/denmark/denmark;BALLUM_20241007_183157.wav;parasi;Principale;parasi;10;parasi;10;2024;10;07;18;31;07/10/2024;18:31;07/10/2024;BALLUM;0;0;0;0;0;0;0;0.000000;0.000000;
F:/denmark/denmark;BALLUM_20241007_183157.wav;parasi;Principale;parasi;2;parasi;2;2024;10;07;18;31;07/10/2024;18:31;07/10/2024;BALLUM;1;38;4178;1;0;0;35;0.000000;0.000000;
F:/denmark/denmark;BALLUM_20241007_183157.wav;PippiT;Principale;Pip50;10;PippiT;10;2024;10;07;18;31;07/10/2024;18:31;07/10/2024;BALLUM;59;47;75;6;6;0;47;0.000000;0.000000;
F:/denmark/denmark;BALLUM_20241007_183326.wav;PippiT;Principale;Pip50;10;PippiT;10;2024;10;07;18;33;07/10/2024;18:33;07/10/2024;BALLUM;50;48;0;7;6;0;47;0.000000;0.000000;
F:/denmark/denmark;BALLUM_20241007_183326.wav;PippiT;Principale;Pip50;9;PippiT;9;2024;10;07;18;33;07/10/2024;18:33;07/10/2024;BALLUM;7;24;0;6;9;0;20;0.000000;0.000000;
F:/denmark/denmark;BALLUM_20241007_182834.wav;parasi;Principale;parasi;10;parasi;10;2024;10;07;18;28;07/10/2024;18:28;07/10/2024;BALLUM;0;0;0;0;0;0;0;0.000000;0.000000;
F:/denmark/denmark;BALLUM_20241007_182834.wav;PippiT;Principale;Pip50;10;PippiT;10;2024;10;07;18;28;07/10/2024;18:28;07/10/2024;BALLUM;37;47;0;6;7;0;47;0.000000;0.000000;
F:/denmark/denmark;BALLUM_20241007_182834.wav;PippiT;Principale;Pip50;10;PippiT;10;2024;10;07;18;28;07/10/2024;18:28;07/10/2024;BALLUM;48;48;0;7;6;0;47;0.000000;0.000000;
F:/denmark/denmark;BALLUM_20241011_203009.wav;PippiT;Principale;Pip50;6;PippiT;6;2024;10;11;20;30;11/10/2024;20:30;11/10/2024;BALLUM;7;44;93;6;0;0;43;0.000000;0.000000;
F:/denmark/denmark;BALLUM_20241011_203009.wav;parasi;Principale;parasi;10;parasi;10;2024;10;11;20;30;11/10/2024;20:30;11/10/2024;BALLUM;0;0;0;0;0;0;0;0.000000;0.000000;
F:/denmark/denmark;BLAAVAND_20230829_190438.wav;Myosp;Principale;Myosp;7;Myodau;0;2023;08;29;19;04;29/08/2023;19:04;29/08/2023;BLAAVAND;74;43;56;5;3;0;32;0.000000;0.000000;
F:/denmark/denmark;BLAAVAND_20230829_190438.wav;Myosp;Principale;Myosp;10;Myomys;0;2023;08;29;19;04;29/08/2023;19:04;29/08/2023;BLAAVAND;56;44;52;6;2;0;30;0.000000;0.000000;
F:/denmark/denmark;BLAAVAND_20230829_190438.wav;parasi;Principale;parasi;10;parasi;10;2023;08;29;19;04;29/08/2023;19:04;29/08/2023;BLAAVAND;0;0;0;0;0;0;0;0.000000;0.000000;
F:/denmark/denmark;BLAAVAND_20230829_210617.wav;Pipnat;Principale;Pipnat;10;Pipnat;10;2023;08;29;21;06;29/08/2023;21:06;29/08/2023;BLAAVAND;20;41;117;6;1;0;41;0.000000;0.000000;
F:/denmark/denmark;BLAAVAND_20230829_212401.wav;Pipnat;Principale;Pipnat;10;Pipnat;10;2023;08;29;21;24;29/08/2023;21:24;29/08/2023;BLAAVAND;46;42;44;8;5;0;40;0.000000;0.000000;
F:/denmark/denmark;BLAAVAND_20230829_212401.wav;Pipnat;Principale;Pipnat;10;Pipnat;10;2023;08;29;21;24;29/08/2023;21:24;29/08/2023;BLAAVAND;31;41;60;6;4;0;40;0.000000;0.000000;
F:/denmark/denmark;BALLUM_20241007_182705.wav;parasi;Principale;parasi;10;parasi;10;2024;10;07;18;27;07/10/2024;18:27;07/10/2024;BALLUM;0;0;0;0;0;0;0;0.000000;0.000000;
F:/denmark/denmark;BALLUM_20241007_182705.wav;PippiT;Principale;Pip50;10;PippiT;10;2024;10;07;18;27;07/10/2024;18:27;07/10/2024;BALLUM;18;47;0;7;9;0;47;0.000000;0.000000;
F:/denmark/denmark;BALLUM_20241007_182705.wav;PippiT;Principale;Pip50;10;PippiT;10;2024;10;07;18;27;07/10/2024;18:27;07/10/2024;BALLUM;38;48;75;6;4;0;47;0.000000;0.000000;
F:/denmark/denmark;BLAAVAND_20230829_220635.wav;Pippyg;Principale;Pip50;10;Pippyg;10;2023;08;29;22;06;29/08/2023;22:06;29/08/2023;BLAAVAND;23;56;81;8;1;0;55;0.000000;0.000000;
F:/denmark/denmark;BLAAVAND_20230829_220635.wav;Pippyg;Principale;Pip50;10;Pippyg;10;2023;08;29;22;06;29/08/2023;22:06;29/08/2023;BLAAVAND;38;54;92;10;3;0;54;0.000000;0.000000;
F:/denmark/denmark;BLAAVAND_20230829_220635.wav;ChiroSp;Principale;Pip50;3;Pippyg;1;2023;08;29;22;06;29/08/2023;22:06;29/08/2023;BLAAVAND;3;53;174;6;0;0;53;0.000000;0.000000;
F:/denmark/denmark;BLAAVAND_20230830_012046.wav;Pipnat;Principale;Pipnat;10;Pipnat;10;2023;08;30;01;20;30/08/2023;01:20;29/08/2023;BLAAVAND;16;41;136;7;0;0;40;0.000000;0.000000;
F:/denmark/denmark;BLAAVAND_20230830_014704.wav;Myosp;Principale;Myosp;7;Myobec;2;2023;08;30;01;47;30/08/2023;01:47;29/08/2023;BLAAVAND;34;37;78;7;3;1;31;0.000000;0.000000;
F:/denmark/denmark;BLAAVAND_20230830_020618.wav;ChiroSp;Principale;Pip50;5;PippiT;5;2023;08;30;02;06;30/08/2023;02:06;29/08/2023;BLAAVAND;9;44;106;8;2;0;42;0.000000;0.000000;
F:/denmark/denmark;BLAAVAND_20230830_024051.wav;Pippyg;Principale;Pip50;10;Pippyg;10;2023;08;30;02;40;30/08/2023;02:40;29/08/2023;BLAAVAND;23;62;83;6;0;0;58;0.000000;0.000000;
F:/denmark/denmark;BLAAVAND_20230830_204553.wav;Pippyg;Principale;Pip50;10;Pippyg;10;2023;08;30;20;45;30/08/2023;20:45;30/08/2023;BLAAVAND;6;58;79;5;1;0;56;0.000000;0.000000;
F:/denmark/denmark;BLAAVAND_20230831_013141.wav;parasi;Principale;parasi;2;parasi;2;2023;08;31;01;31;31/08/2023;01:31;30/08/2023;BLAAVAND;17;19;0;8;10;0;18;0.000000;0.000000;
F:/denmark/denmark;BLAAVAND_20230831_013141.wav;parasi;Principale;parasi;1;parasi;1;2023;08;31;01;31;31/08/2023;01:31;30/08/2023;BLAAVAND;21;27;0;9;10;0;26;0.000000;0.000000;
F:/denmark/denmark;BLAAVAND_20230831_190600.wav;PippiT;Principale;Pip50;8;PippiT;8;2023;08;31;19;06;31/08/2023;19:06;31/08/2023;BLAAVAND;27;44;54;5;3;0;44;0.000000;0.000000;
F:/denmark/denmark;BLAAVAND_20230831_191238.wav;PippiT;Principale;Pip50;10;PippiT;10;2023;08;31;19;12;31/08/2023;19:12;31/08/2023;BLAAVAND;14;44;83;7;0;0;44;0.000000;0.000000;
F:/denmark/denmark;BLAAVAND_20240122_162759.wav;parasi;Principale;parasi;10;parasi;10;2024;01;22;16;27;22/01/2024;16:27;22/01/2024;BLAAVAND;0;0;0;0;0;0;0;0.000000;0.000000;
F:/denmark/denmark;BLAAVAND_20250320_183220.wav;Pipnat;Principale;Pipnat;9;Pipnat;7;2025;03;20;18;32;20/03/2025;18:32;20/03/2025;BLAAVAND;29;43;94;7;2;0;41;0.000000;0.000000;
F:/denmark/denmark;BLAAVAND_20250320_183220.wav;Pipnat;Principale;Pipnat;9;Pipnat;9;2025;03;20;18;32;20/03/2025;18:32;20/03/2025;BLAAVAND;66;42;0;8;3;0;41;0.000000;0.000000;
F:/denmark/denmark;BLAAVAND_20250320_183220.wav;Pipnat;Principale;Pipnat;10;Pipnat;10;2025;03;20;18;32;20/03/2025;18:32;20/03/2025;BLAAVAND;41;42;100;10;2;0;40;0.000000;0.000000;
F:/denmark/denmark;BLAAVAND_20250320_183335.wav;ChiroSp;Principale;Pipnat;2;Pipnat;0;2025;03;20;18;33;20/03/2025;18:33;20/03/2025;BLAAVAND;4;38;0;5;0;0;38;0.000000;0.000000;
F:/denmark/denmark;BLAAVAND_20250320_212709.wav;ENVsp;Principale;ENVsp;10;Eptser;0;2025;03;20;21;27;20/03/2025;21:27;20/03/2025;BLAAVAND;23;29;152;9;1;0;26;0.000000;0.000000;
F:/denmark/denmark;BLAAVAND_20250320_212709.wav;ENVsp;Principale;ENVsp;10;Eptser;3;2025;03;20;21;27;20/03/2025;21:27;20/03/2025;BLAAVAND;24;26;0;8;4;0;26;0.000000;0.000000;
F:/denmark/denmark;BLAAVAND_20250320_214155.wav;ENVsp;Principale;ENVsp;10;Vesmur;0;2025;03;20;21;41;20/03/2025;21:41;20/03/2025;BLAAVAND;14;27;302;6;0;0;26;0.000000;0.000000;
F:/denmark/denmark;BLAAVAND_20250320_214155.wav;ENVsp;Principale;ENVsp;10;Vesmur;2;2025;03;20;21;41;20/03/2025;21:41;20/03/2025;BLAAVAND;7;27;287;6;0;0;26;0.000000;0.000000;
F:/denmark/denmark;FANO_20230922_191751.wav;parasi;Principale;parasi;4;parasi;4;2023;09;22;19;17;22/09/2023;19:17;22/09/2023;FANO;1;21;0;0;5;0;15;0.000000;0.000000;
F:/denmark/denmark;FANO_20230922_191751.wav;parasi;Principale;parasi;10;parasi;10;2023;09;22;19;17;22/09/2023;19:17;22/09/2023;FANO;0;0;0;0;0;0;0;0.000000;0.000000;
F:/denmark/denmark;FANO_20241105_210252.wav;Pipnat;Principale;Pipnat;10;Pipnat;10;2024;11;05;21;02;05/11/2024;21:02;05/11/2024;FANO;28;38;156;9;4;0;38;0.000000;0.000000;
F:/denmark/denmark;FANO_20241105_210252.wav;Pipnat;Principale;Pipnat;10;Pipnat;10;2024;11;05;21;02;05/11/2024;21:02;05/11/2024;FANO;4;38;315;7;0;0;38;0.000000;0.000000;
F:/denmark/denmark;FANO_20241105_213759.wav;ChiroSp;Principale;Myosp;4;Myomyo;0;2024;11;05;21;37;05/11/2024;21:37;05/11/2024;FANO;37;33;95;7;1;0;29;0.000000;0.000000;
F:/denmark/denmark;FANO_20241106_011709.wav;Pipnat;Principale;Pipnat;10;Pipnat;10;2024;11;06;01;17;06/11/2024;01:17;05/11/2024;FANO;37;39;78;10;5;3;38;0.000000;0.000000;
F:/denmark/denmark;FANO_20241106_011709.wav;Pipnat;Principale;Pipnat;10;Pipnat;10;2024;11;06;01;17;06/11/2024;01:17;05/11/2024;FANO;29;38;212;10;4;0;38;0.000000;0.000000;
F:/denmark/denmark;HR-A-A05_20230520_202305.wav;Pipnat;Principale;Pipnat;10;Pipnat;10;2023;05;20;20;23;20/05/2023;20:23;20/05/2023;HR-A-A05;11;40;282;7;0;0;38;0.000000;0.000000;
F:/denmark/denmark;HR-F01_20230618_214002.wav;parasi;Principale;parasi;10;parasi;10;2023;06;18;21;40;18/06/2023;21:40;18/06/2023;HR-F01;0;0;0;0;0;0;0;0.000000;0.000000;
F:/denmark/denmark;HR-F01_20230618_214002.wav;parasi;Principale;parasi;10;parasi;10;2023;06;18;21;40;18/06/2023;21:40;18/06/2023;HR-F01;0;0;0;0;0;0;0;0.000000;0.000000;
F:/denmark/denmark;HR-F01_20230618_214002.wav;parasi;Principale;parasi;10;parasi;10;2023;06;18;21;40;18/06/2023;21:40;18/06/2023;HR-F01;0;0;0;0;0;0;0;0.000000;0.000000;
F:/denmark/denmark;HR-V_20231114_055918.wav;parasi;Principale;parasi;10;parasi;10;2023;11;14;05;59;14/11/2023;05:59;13/11/2023;HR-V;0;0;0;0;0;0;0;0.000000;0.000000;
F:/denmark/denmark;HR-V_20231114_055918.wav;parasi;Principale;parasi;10;parasi;10;2023;11;14;05;59;14/11/2023;05:59;13/11/2023;HR-V;0;0;0;0;0;0;0;0.000000;0.000000;
F:/denmark/denmark;HR-V_20231114_055918.wav;parasi;Principale;parasi;10;parasi;10;2023;11;14;05;59;14/11/2023;05:59;13/11/2023;HR-V;0;0;0;0;0;0;0;0.000000;0.000000;
F:/denmark/denmark;HR3-4S-C_20230428_005647.wav;parasi;Principale;parasi;10;parasi;10;2023;04;28;00;56;28/04/2023;00:56;27/04/2023;HR3-4S-C;0;0;0;0;0;0;0;0.000000;0.000000;
F:/denmark/denmark;HR3-4S-C_20230428_005647.wav;parasi;Principale;parasi;10;parasi;10;2023;04;28;00;56;28/04/2023;00:56;27/04/2023;HR3-4S-C;0;0;0;0;0;0;0;0.000000;0.000000;
F:/denmark/denmark;HR-X_20231031_005702.wav;parasi;Principale;parasi;10;parasi;10;2023;10;31;00;57;31/10/2023;00:57;30/10/2023;HR-X;0;0;0;0;0;0;0;0.000000;0.000000;
F:/denmark/denmark;HR-X_20231031_005702.wav;parasi;Principale;parasi;10;parasi;10;2023;10;31;00;57;31/10/2023;00:57;30/10/2023;HR-X;0;0;0;0;0;0;0;0.000000;0.000000;
F:/denmark/denmark;HR-X_20231031_005702.wav;parasi;Principale;parasi;10;parasi;10;2023;10;31;00;57;31/10/2023;00:57;30/10/2023;HR-X;0;0;0;0;0;0;0;0.000000;0.000000;
F:/denmark/denmark;HR3-X_20231009_024216.wav;parasi;Principale;parasi;10;parasi;10;2023;10;09;02;42;09/10/2023;02:42;08/10/2023;HR3-X;0;0;0;0;0;0;0;0.000000;0.000000;
F:/denmark/denmark;HR3-X_20231009_024216.wav;parasi;Principale;parasi;10;parasi;10;2023;10;09;02;42;09/10/2023;02:42;08/10/2023;HR3-X;0;0;0;0;0;0;0;0.000000;0.000000;
F:/denmark/denmark;HR3-Z_20230915_201245.wav;ChiroSp;Principale;Pipnat;4;Pipnat;4;2023;09;15;20;12;15/09/2023;20:12;15/09/2023;HR3-Z;3;39;302;5;3;0;39;0.000000;0.000000;
F:/denmark/denmark;HR3-Z_20230915_201245.wav;Pipnat;Principale;Pipnat;6;Pipnat;3;2023;09;15;20;12;15/09/2023;20:12;15/09/2023;HR3-Z;2;40;0;1;1;0;39;0.000000;0.000000;
F:/denmark/denmark;HUSBY_20230829_190440.wav;ChiroSp;Principale;ENVsp;5;Eptnil;0;2023;08;29;19;04;29/08/2023;19:04;29/08/2023;HUSBY;8;30;127;6;2;0;29;0.000000;0.000000;
F:/denmark/denmark;HUSBY_20230829_191554.wav;ENVsp;Principale;ENVsp;6;Eptser;0;2023;08;29;19;15;29/08/2023;19:15;29/08/2023;HUSBY;10;29;129;6;1;0;28;0.000000;0.000000;
F:/denmark/denmark;HUSBY_20230829_191726.wav;Myosp;Principale;Myosp;9;Myodau;0;2023;08;29;19;17;29/08/2023;19:17;29/08/2023;HUSBY;74;45;0;5;1;0;32;0.000000;0.000000;
F:/denmark/denmark;HUSBY_20230829_203942.wav;ChiroSp;Principale;ENVsp;4;Nyclei;2;2023;08;29;20;39;29/08/2023;20:39;29/08/2023;HUSBY;5;24;0;10;4;0;24;0.000000;0.000000;
F:/denmark/denmark;HUSBY_20230829_203942.wav;ChiroSp;Principale;ENVsp;5;Nyclei;4;2023;08;29;20;39;29/08/2023;20:39;29/08/2023;HUSBY;3;23;0;10;1;0;23;0.000000;0.000000;
F:/denmark/denmark;HUSBY_20230829_205258.wav;ENVsp;Principale;ENVsp;9;Eptser;1;2023;08;29;20;52;29/08/2023;20:52;29/08/2023;HUSBY;14;26;0;8;3;0;26;0.000000;0.000000;
F:/denmark/denmark;HUSBY_20230829_205258.wav;ENVsp;Principale;ENVsp;7;Eptser;1;2023;08;29;20;52;29/08/2023;20:52;29/08/2023;HUSBY;1;26;608;6;1;0;26;0.000000;0.000000;
F:/denmark/denmark;HUSBY_20230829_205848.wav;PippiT;Principale;Pip50;7;PippiT;7;2023;08;29;20;58;29/08/2023;20:58;29/08/2023;HUSBY;45;47;80;6;1;0;44;0.000000;0.000000;
F:/denmark/denmark;HUSBY_20230829_214434.wav;ChiroSp;Principale;ENVsp;5;Nyclei;2;2023;08;29;21;44;29/08/2023;21:44;29/08/2023;HUSBY;12;25;0;8;4;0;25;0.000000;0.000000;
F:/denmark/denmark;HUSBY_20230829_214434.wav;ENVsp;Principale;ENVsp;6;Eptser;0;2023;08;29;21;44;29/08/2023;21:44;29/08/2023;HUSBY;22;26;0;7;4;0;26;0.000000;0.000000;
F:/denmark/denmark;HUSBY_20230829_214434.wav;ENVsp;Principale;ENVsp;10;Eptser;1;2023;08;29;21;44;29/08/2023;21:44;29/08/2023;HUSBY;19;26;0;10;3;0;25;0.000000;0.000000;
F:/denmark/denmark;HUSBY_20240620_210916.wav;ChiroSp;Principale;Myosp;1;Myomyo;1;2024;06;20;21;09;20/06/2024;21:09;20/06/2024;HUSBY;8;33;137;7;1;0;29;0.000000;0.000000;
F:/denmark/denmark;HUSBY_20240620_231845.wav;ChiroSp;Principale;ENVsp;5;Eptnil;4;2024;06;20;23;18;20/06/2024;23:18;20/06/2024;HUSBY;1;30;0;5;4;0;29;0.000000;0.000000;
F:/denmark/denmark;HUSBY_20240620_235943.wav;Pipnat;Principale;Pipnat;9;Pipnat;9;2024;06;20;23;59;20/06/2024;23:59;20/06/2024;HUSBY;23;40;89;6;2;0;40;0.000000;0.000000;
F:/denmark/denmark;HUSBY_20240621_004854.wav;ChiroSp;Principale;Myosp;0;Myodau;0;2024;06;21;00;48;21/06/2024;00:48;20/06/2024;HUSBY;11;41;99;6;0;0;34;0.000000;0.000000;
F:/denmark/denmark;HUSBY_20250306_033929.wav;Pipnat;Principale;Pipnat;9;Pipnat;9;2025;03;06;03;39;06/03/2025;03:39;05/03/2025;HUSBY;36;42;150;8;3;0;41;0.000000;0.000000;
F:/denmark/denmark;HUSBY_20250306_033929.wav;Pipnat;Principale;Pipnat;10;Pipnat;10;2025;03;06;03;39;06/03/2025;03:39;05/03/2025;HUSBY;5;40;293;8;0;0;39;0.000000;0.000000;
F:/denmark/denmark;HUSBY_20250408_193109.wav;parasi;Principale;parasi;0;parasi;0;2025;04;08;19;31;08/04/2025;19:31;08/04/2025;HUSBY;2;26;0;4;1;0;26;0.000000;0.000000;
F:/denmark/denmark;HUSBY_20250409_004313.wav;PippiT;Principale;Pip50;7;PippiT;7;2025;04;09;00;43;09/04/2025;00:43;08/04/2025;HUSBY;6;44;0;6;4;0;43;0.000000;0.000000;
F:/denmark/denmark;HUSBY_20250408_193929.wav;ENVsp;Principale;ENVsp;8;Eptser;2;2025;04;08;19;39;08/04/2025;19:39;08/04/2025;HUSBY;20;25;259;7;2;0;23;0.000000;0.000000;
F:/denmark/denmark;HUSBY_20250408_193929.wav;ChiroSp;Principale;ENVsp;5;Nycnoc;2;2025;04;08;19;39;08/04/2025;19:39;08/04/2025;HUSBY;21;26;252;8;1;0;24;0.000000;0.000000;
F:/denmark/denmark;HUSBY_20250408_193929.wav;ENVsp;Principale;ENVsp;7;Eptser;1;2025;04;08;19;39;08/04/2025;19:39;08/04/2025;HUSBY;17;26;260;8;0;0;24;0.000000;0.000000;
F:/denmark/denmark;HUSBY_20250409_004346.wav;ChiroSp;Principale;Pip50;4;PippiT;4;2025;04;09;00;43;09/04/2025;00:43;08/04/2025;HUSBY;128;43;0;8;10;2;41;0.000000;0.000000;
F:/denmark/denmark;HUSBY_20250409_004346.wav;parasi;Secondaire;parasi;3;parasi;3;2025;04;09;00;43;09/04/2025;00:43;08/04/2025;HUSBY;2;26;4;4;2;0;25;0.000000;0.000000;
F:/denmark/denmark;HUSBY_20250409_004346.wav;ChiroSp;Principale;Pip50;1;PippiT;1;2025;04;09;00;43;09/04/2025;00:43;08/04/2025;HUSBY;97;44;0;9;10;2;41;0.000000;0.000000;
F:/denmark/denmark;HUSBY_20250409_004404.wav;PippiT;Principale;Pip50;6;PippiT;6;2025;04;09;00;44;09/04/2025;00:44;08/04/2025;HUSBY;40;44;0;7;6;0;44;0.000000;0.000000;
F:/denmark/denmark;HUSBY_20250409_004404.wav;PippiT;Principale;Pip50;6;PippiT;6;2025;04;09;00;44;09/04/2025;00:44;08/04/2025;HUSBY;34;44;0;7;9;1;43;0.000000;0.000000;
F:/denmark/denmark;HUSBY_20250409_004404.wav;PippiT;Principale;Pip50;9;PippiT;9;2025;04;09;00;44;09/04/2025;00:44;08/04/2025;HUSBY;35;44;0;8;10;0;43;0.000000;0.000000;
F:/denmark/denmark;HUSBY_20250409_230303.wav;Myosp;Principale;Myosp;8;Myobec;2;2025;04;09;23;03;09/04/2025;23:03;09/04/2025;HUSBY;14;40;81;7;0;0;33;0.000000;0.000000;
F:/denmark/denmark;KAMMER_20231127_064750.wav;parasi;Principale;parasi;10;parasi;10;2023;11;27;06;47;27/11/2023;06:47;26/11/2023;KAMMER;0;0;0;0;0;0;0;0.000000;0.000000;
F:/denmark/denmark;KAMMER_20241008_170651.wav;ENVsp;Principale;ENVsp;10;Vesmur;1;2024;10;08;17;06;08/10/2024;17:06;08/10/2024;KAMMER;18;26;214;9;1;0;25;0.000000;0.000000;
F:/denmark/denmark;KAMMER_20241008_170651.wav;ChiroSp;Principale;ENVsp;1;Nyclei;1;2024;10;08;17;06;08/10/2024;17:06;08/10/2024;KAMMER;3;26;0;7;3;0;26;0.000000;0.000000;
F:/denmark/denmark;KAMMER_20241009_171928.wav;Pippyg;Principale;Pip50;10;Pippyg;9;2024;10;09;17;19;09/10/2024;17:19;09/10/2024;KAMMER;24;52;88;8;4;0;52;0.000000;0.000000;
F:/denmark/denmark;KAMMER_20241010_004308.wav;ENVsp;Principale;ENVsp;10;Vesmur;2;2024;10;10;00;43;10/10/2024;00:43;09/10/2024;KAMMER;14;25;326;10;1;0;24;0.000000;0.000000;
F:/denmark/denmark;KAMMER_20241010_004308.wav;ENVsp;Principale;ENVsp;8;Nyclei;3;2024;10;10;00;43;10/10/2024;00:43;09/10/2024;KAMMER;4;25;0;6;1;0;25;0.000000;0.000000;
F:/denmark/denmark;KAMMER_20241010_004308.wav;ENVsp;Principale;ENVsp;10;Nyclei;3;2024;10;10;00;43;10/10/2024;00:43;09/10/2024;KAMMER;3;24;225;6;0;0;24;0.000000;0.000000;
F:/denmark/denmark;KAMMER_20241010_020222.wav;Pip50;Principale;Pip50;7;Pippyg;4;2024;10;10;02;02;10/10/2024;02:02;09/10/2024;KAMMER;12;52;0;6;3;0;51;0.000000;0.000000;
F:/denmark/denmark;KAMMER_20241010_020222.wav;ChiroSp;Principale;Pip50;5;Pippyg;2;2024;10;10;02;02;10/10/2024;02:02;09/10/2024;KAMMER;4;50;0;6;3;0;50;0.000000;0.000000;
F:/denmark/denmark;KAMMER_20241010_022007.wav;Myosp;Principale;Myosp;8;Myodau;0;2024;10;10;02;20;10/10/2024;02:20;09/10/2024;KAMMER;22;42;102;4;0;0;32;0.000000;0.000000;
F:/denmark/denmark;LAND-BALLUM_20230426_044413.wav;parasi;Principale;parasi;10;parasi;10;2023;04;26;04;44;26/04/2023;04:44;25/04/2023;LAND-BALLUM;0;0;0;0;0;0;0;0.000000;0.000000;
F:/denmark/denmark;LAND10-LOT1_20230624_231020.wav;PippiT;Principale;Pip50;10;PippiT;10;2023;06;24;23;10;24/06/2023;23:10;24/06/2023;LAND10-LOT1;62;50;55;6;2;1;49;0.000000;0.000000;
F:/denmark/denmark;LAND10-LOT1_20230624_231020.wav;PippiT;Principale;Pip50;10;PippiT;10;2023;06;24;23;10;24/06/2023;23:10;24/06/2023;LAND10-LOT1;40;49;84;7;1;0;48;0.000000;0.000000;
F:/denmark/denmark;LAND10-LOT1_20230624_231020.wav;PippiT;Principale;Pip50;10;PippiT;10;2023;06;24;23;10;24/06/2023;23:10;24/06/2023;LAND10-LOT1;16;49;79;6;1;0;48;0.000000;0.000000;
F:/denmark/denmark;KAMMER_20241009_230948.wav;PippiT;Principale;Pip50;10;PippiT;10;2024;10;09;23;09;09/10/2024;23:09;09/10/2024;KAMMER;41;46;89;7;1;0;45;0.000000;0.000000;
F:/denmark/denmark;KAMMER_20241009_230948.wav;PippiT;Principale;Pip50;10;PippiT;10;2024;10;09;23;09;09/10/2024;23:09;09/10/2024;KAMMER;54;46;78;7;1;0;45;0.000000;0.000000;
F:/denmark/denmark;KAMMER_20241009_230948.wav;PippiT;Principale;Pip50;7;PippiT;7;2024;10;09;23;09;09/10/2024;23:09;09/10/2024;KAMMER;3;46;193;5;0;0;44;0.000000;0.000000;
F:/denmark/denmark;LAND10-LOT1_20230628_002339.wav;PippiT;Principale;Pip50;10;PippiT;10;2023;06;28;00;23;28/06/2023;00:23;27/06/2023;LAND10-LOT1;13;49;89;7;0;0;48;0.000000;0.000000;
F:/denmark/denmark;LAND10-LOT1_20230629_012546.wav;ENVsp;Principale;ENVsp;6;Eptser;1;2023;06;29;01;25;29/06/2023;01:25;28/06/2023;LAND10-LOT1;48;26;0;6;7;0;25;0.000000;0.000000;
F:/denmark/denmark;LAND10-LOT1_20230629_012546.wav;ENVsp;Principale;ENVsp;7;Eptser;1;2023;06;29;01;25;29/06/2023;01:25;28/06/2023;LAND10-LOT1;39;26;0;7;5;0;24;0.000000;0.000000;
F:/denmark/denmark;LAND10-LOT1_20230629_012546.wav;ChiroSp;Principale;ENVsp;0;Eptser;0;2023;06;29;01;25;29/06/2023;01:25;28/06/2023;LAND10-LOT1;5;26;178;7;0;0;26;0.000000;0.000000;
F:/denmark/denmark;LAND1_20230504_200011.wav;Pippyg;Principale;Pip50;10;Pippyg;10;2023;05;04;20;00;04/05/2023;20:00;04/05/2023;LAND1;54;56;76;7;1;0;55;0.000000;0.000000;
F:/denmark/denmark;LAND1_20230504_200011.wav;Pippyg;Principale;Pip50;10;Pippyg;10;2023;05;04;20;00;04/05/2023;20:00;04/05/2023;LAND1;18;53;82;7;1;0;53;0.000000;0.000000;
F:/denmark/denmark;BALLUM_20241007_183236.wav;PippiT;Principale;Pip50;10;PippiT;10;2024;10;07;18;32;07/10/2024;18:32;07/10/2024;BALLUM;25;24;0;8;10;0;18;0.000000;0.000000;
F:/denmark/denmark;BALLUM_20241007_183236.wav;PippiT;Principale;Pip50;10;PippiT;10;2024;10;07;18;32;07/10/2024;18:32;07/10/2024;BALLUM;20;47;147;8;6;0;46;0.000000;0.000000;
F:/denmark/denmark;BALLUM_20241007_183236.wav;parasi;Principale;parasi;10;parasi;10;2024;10;07;18;32;07/10/2024;18:32;07/10/2024;BALLUM;0;0;0;0;0;0;0;0.000000;0.000000;
F:/denmark/denmark;LAND10-LOT1_20230811_195633.wav;PippiT;Principale;Pip50;10;PippiT;10;2023;08;11;19;56;11/08/2023;19:56;11/08/2023;LAND10-LOT1;119;48;24;5;4;6;47;0.000000;0.000000;
F:/denmark/denmark;LAND10-LOT1_20230811_195633.wav;PippiT;Principale;Pip50;10;PippiT;10;2023;08;11;19;56;11/08/2023;19:56;11/08/2023;LAND10-LOT1;91;47;45;7;5;0;47;0.000000;0.000000;
F:/denmark/denmark;LAND10-LOT1_20230811_195633.wav;PippiT;Principale;Pip50;10;PippiT;10;2023;08;11;19;56;11/08/2023;19:56;11/08/2023;LAND10-LOT1;100;47;37;6;3;0;47;0.000000;0.000000;
F:/denmark/denmark;LAND1_20230625_002633.wav;Pipnat;Principale;Pipnat;10;Pipnat;8;2023;06;25;00;26;25/06/2023;00:26;24/06/2023;LAND1;39;41;92;10;3;0;41;0.000000;0.000000;
F:/denmark/denmark;LAND1_20230625_002633.wav;Pipnat;Principale;Pipnat;7;Pipnat;5;2023;06;25;00;26;25/06/2023;00:26;24/06/2023;LAND1;67;43;71;7;3;8;41;0.000000;0.000000;
F:/denmark/denmark;LAND1_20230625_002633.wav;Pipnat;Principale;Pipnat;6;Pipnat;6;2023;06;25;00;26;25/06/2023;00:26;24/06/2023;LAND1;11;44;72;7;0;0;41;0.000000;0.000000;
F:/denmark/denmark;LAND1_20230628_005012.wav;Pipnat;Principale;Pipnat;8;Pipnat;8;2023;06;28;00;50;28/06/2023;00:50;27/06/2023;LAND1;8;44;61;6;1;0;41;0.000000;0.000000;
F:/denmark/denmark;LAND1_20230720_214241.wav;parasi;Principale;parasi;10;parasi;10;2023;07;20;21;42;20/07/2023;21:42;20/07/2023;LAND1;0;0;0;0;0;0;0;0.000000;0.000000;
F:/denmark/denmark;LAND1_20230806_210334.wav;Pippyg;Principale;Pip50;10;Pippyg;10;2023;08;06;21;03;06/08/2023;21:03;06/08/2023;LAND1;37;57;76;6;3;0;56;0.000000;0.000000;
F:/denmark/denmark;LAND1_20230806_210334.wav;Pippyg;Principale;Pip50;9;Pippyg;9;2023;08;06;21;03;06/08/2023;21:03;06/08/2023;LAND1;31;57;81;7;2;0;56;0.000000;0.000000;
F:/denmark/denmark;LAND1_20230806_210334.wav;parasi;Principale;parasi;10;parasi;10;2023;08;06;21;03;06/08/2023;21:03;06/08/2023;LAND1;0;0;0;0;0;0;0;0.000000;0.000000;
F:/denmark/denmark;LAND2_20230428_212919.wav;Pipnat;Principale;Pipnat;10;Pipnat;10;2023;04;28;21;29;28/04/2023;21:29;28/04/2023;LAND2;27;37;159;10;2;0;35;0.000000;0.000000;
F:/denmark/denmark;LAND2_20230428_212919.wav;Pipnat;Principale;Pipnat;7;Pipnat;7;2023;04;28;21;29;28/04/2023;21:29;28/04/2023;LAND2;22;36;176;9;1;0;35;0.000000;0.000000;
F:/denmark/denmark;LAND3_20230506_021738.wav;parasi;Principale;parasi;10;parasi;10;2023;05;06;02;17;06/05/2023;02:17;05/05/2023;LAND3;0;0;0;0;0;0;0;0.000000;0.000000;
F:/denmark/denmark;LAND3_20230506_021738.wav;parasi;Principale;parasi;10;parasi;10;2023;05;06;02;17;06/05/2023;02:17;05/05/2023;LAND3;0;0;0;0;0;0;0;0.000000;0.000000;
F:/denmark/denmark;LAND3_20230601_215146.wav;Eptser;Principale;ENVsp;10;Eptser;6;2023;06;01;21;51;01/06/2023;21:51;01/06/2023;LAND3;27;25;226;10;4;0;24;0.000000;0.000000;
F:/denmark/denmark;LAND3_20230601_215146.wav;ENVsp;Principale;ENVsp;10;Eptser;3;2023;06;01;21;51;01/06/2023;21:51;01/06/2023;LAND3;30;23;0;9;4;0;23;0.000000;0.000000;
F:/denmark/denmark;LAND3_20230601_215146.wav;ENVsp;Principale;ENVsp;10;Nyclei;0;2023;06;01;21;51;01/06/2023;21:51;01/06/2023;LAND3;3;23;282;7;0;0;23;0.000000;0.000000;
F:/denmark/denmark;LAND3_20230606_230738.wav;Myosp;Principale;Myosp;9;Myobec;2;2023;06;06;23;07;06/06/2023;23:07;06/06/2023;LAND3;60;42;95;7;1;0;31;0.000000;0.000000;
F:/denmark/denmark;LAND3_20230606_230738.wav;Myosp;Principale;Myosp;6;Myodau;0;2023;06;06;23;07;06/06/2023;23:07;06/06/2023;LAND3;65;42;0;8;2;0;32;0.000000;0.000000;
F:/denmark/denmark;LAND3_20230606_230738.wav;ChiroSp;Principale;Myosp;3;Myobec;3;2023;06;06;23;07;06/06/2023;23:07;06/06/2023;LAND3;5;40;210;5;0;0;35;0.000000;0.000000;
F:/denmark/denmark;LAND3_20230820_233355.wav;ChiroSp;Principale;Myosp;2;Myobec;0;2023;08;20;23;33;20/08/2023;23:33;20/08/2023;LAND3;34;41;108;8;1;0;38;0.000000;0.000000;
F:/denmark/denmark;LAND3_20230710_213315.wav;Pipnat;Principale;Pipnat;10;Pipnat;10;2023;07;10;21;33;10/07/2023;21:33;10/07/2023;LAND3;24;39;172;7;0;0;38;0.000000;0.000000;
F:/denmark/denmark;LAND3_20230710_213315.wav;Pipnat;Principale;Pipnat;10;Pipnat;10;2023;07;10;21;33;10/07/2023;21:33;10/07/2023;LAND3;34;39;93;9;1;0;38;0.000000;0.000000;
F:/denmark/denmark;LAND3_20230710_213315.wav;Pipnat;Principale;Pipnat;10;Pipnat;10;2023;07;10;21;33;10/07/2023;21:33;10/07/2023;LAND3;10;38;147;9;4;0;38;0.000000;0.000000;
F:/denmark/denmark;LAND4_20230625_223259.wav;ENVsp;Principale;ENVsp;10;Eptser;0;2023;06;25;22;32;25/06/2023;22:32;25/06/2023;LAND4;21;27;134;7;2;0;26;0.000000;0.000000;
F:/denmark/denmark;LAND4_20230625_223259.wav;ChiroSp;Principale;ENVsp;5;Eptser;0;2023;06;25;22;32;25/06/2023;22:32;25/06/2023;LAND4;66;29;66;8;5;8;27;0.000000;0.000000;
F:/denmark/denmark;LAND4_20230625_223259.wav;ENVsp;Principale;ENVsp;7;Eptser;1;2023;06;25;22;32;25/06/2023;22:32;25/06/2023;LAND4;30;28;130;7;1;0;27;0.000000;0.000000;
F:/denmark/denmark;LAND4_20230703_033333.wav;parasi;Principale;parasi;10;parasi;10;2023;07;03;03;33;03/07/2023;03:33;02/07/2023;LAND4;0;0;0;0;0;0;0;0.000000;0.000000;
F:/denmark/denmark;LAND4_20230705_040655.wav;ChiroSp;Principale;ENVsp;5;Nycnoc;5;2023;07;05;04;06;05/07/2023;04:06;04/07/2023;LAND4;12;19;0;7;8;0;18;0.000000;0.000000;
F:/denmark/denmark;LAND4_20230812_015921.wav;ENVsp;Principale;ENVsp;7;Nyclei;2;2023;08;12;01;59;12/08/2023;01:59;11/08/2023;LAND4;6;23;0;10;2;0;23;0.000000;0.000000;
F:/denmark/denmark;LAND4_20230812_015921.wav;Nyclei;Principale;ENVsp;6;Nyclei;6;2023;08;12;01;59;12/08/2023;01:59;11/08/2023;LAND4;2;22;545;8;0;0;22;0.000000;0.000000;
F:/denmark/denmark;LAND3_20230530_211935.wav;ENVsp;Principale;ENVsp;9;Eptser;3;2023;05;30;21;19;30/05/2023;21:19;30/05/2023;LAND3;41;27;0;8;4;0;26;0.000000;0.000000;
F:/denmark/denmark;LAND3_20230530_211935.wav;ENVsp;Principale;ENVsp;10;Eptser;3;2023;05;30;21;19;30/05/2023;21:19;30/05/2023;LAND3;33;26;138;10;3;0;26;0.000000;0.000000;
F:/denmark/denmark;LAND3_20230530_211935.wav;ENVsp;Principale;ENVsp;10;Eptser;3;2023;05;30;21;19;30/05/2023;21:19;30/05/2023;LAND3;6;24;278;8;0;0;24;0.000000;0.000000;
F:/denmark/denmark;LAND4_20230625_222921.wav;ENVsp;Principale;ENVsp;9;Eptser;0;2023;06;25;22;29;25/06/2023;22:29;25/06/2023;LAND4;54;27;80;7;5;1;26;0.000000;0.000000;
F:/denmark/denmark;LAND4_20230625_222921.wav;ENVsp;Principale;ENVsp;7;Eptser;0;2023;06;25;22;29;25/06/2023;22:29;25/06/2023;LAND4;85;26;15;8;8;8;26;0.000000;0.000000;
F:/denmark/denmark;LAND4_20230625_222921.wav;ENVsp;Principale;ENVsp;7;Eptser;1;2023;06;25;22;29;25/06/2023;22:29;25/06/2023;LAND4;22;26;154;6;3;0;26;0.000000;0.000000;
F:/denmark/denmark;LAND4_20230814_011416.wav;ENVsp;Principale;ENVsp;6;Nyclei;1;2023;08;14;01;14;14/08/2023;01:14;13/08/2023;LAND4;4;26;0;6;1;0;26;0.000000;0.000000;
F:/denmark/denmark;LAND5_20230628_205504.wav;parasi;Principale;parasi;10;parasi;10;2023;06;28;20;55;28/06/2023;20:55;28/06/2023;LAND5;0;0;0;0;0;0;0;0.000000;0.000000;
F:/denmark/denmark;LAND5_20230629_003510.wav;ChiroSp;Principale;ENVsp;1;Eptser;1;2023;06;29;00;35;29/06/2023;00:35;28/06/2023;LAND5;3;29;0;5;3;0;27;0.000000;0.000000;
F:/denmark/denmark;LAND5_20230708_232216.wav;ENVsp;Principale;ENVsp;10;Eptser;0;2023;07;08;23;22;08/07/2023;23:22;08/07/2023;LAND5;40;29;0;8;5;1;28;0.000000;0.000000;
F:/denmark/denmark;LAND5_20230708_232216.wav;ENVsp;Principale;ENVsp;8;Eptser;1;2023;07;08;23;22;08/07/2023;23:22;08/07/2023;LAND5;54;30;0;6;6;5;29;0.000000;0.000000;
F:/denmark/denmark;LAND5_20230711_013634.wav;Pipnat;Principale;Pipnat;6;Pipnat;3;2023;07;11;01;36;11/07/2023;01:36;10/07/2023;LAND5;12;42;0;5;5;0;41;0.000000;0.000000;
F:/denmark/denmark;LAND5_20230718_005542.wav;ENVsp;Principale;ENVsp;9;Eptser;3;2023;07;18;00;55;18/07/2023;00:55;17/07/2023;LAND5;14;26;272;7;2;0;25;0.000000;0.000000;
F:/denmark/denmark;LAND5_20230722_020045.wav;Myosp;Principale;Myosp;10;Myomys;2;2023;07;22;02;00;22/07/2023;02:00;21/07/2023;LAND5;11;64;59;4;1;0;32;0.000000;0.000000;
F:/denmark/denmark;LAND5_20230725_014414.wav;ENVsp;Principale;ENVsp;6;Eptser;0;2023;07;25;01;44;25/07/2023;01:44;24/07/2023;LAND5;16;28;0;6;4;0;27;0.000000;0.000000;
F:/denmark/denmark;LAND5_20230725_014414.wav;ENVsp;Principale;ENVsp;8;Eptser;0;2023;07;25;01;44;25/07/2023;01:44;24/07/2023;LAND5;20;27;0;7;3;0;27;0.000000;0.000000;
F:/denmark/denmark;LAND5_20230728_014558.wav;ChiroSp;Principale;Myosp;3;Myodau;1;2023;07;28;01;45;28/07/2023;01:45;27/07/2023;LAND5;50;40;66;6;6;0;29;0.000000;0.000000;
F:/denmark/denmark;LAND5_20230728_014558.wav;ENVsp;Secondaire;ENVsp;8;Eptser;0;2023;07;28;01;45;28/07/2023;01:45;27/07/2023;LAND5;3;28;82;7;4;0;26;0.000000;0.000000;
F:/denmark/denmark;LAND5_20230806_021128.wav;ChiroSp;Principale;Myosp;3;Myodau;0;2023;08;06;02;11;06/08/2023;02:11;05/08/2023;LAND5;30;42;114;5;2;0;32;0.000000;0.000000;
F:/denmark/denmark;LAND5_20230806_021128.wav;ChiroSp;Principale;Myosp;0;Myodau;0;2023;08;06;02;11;06/08/2023;02:11;05/08/2023;LAND5;11;43;94;5;1;0;35;0.000000;0.000000;
F:/denmark/denmark;LAND5_20230828_233838.wav;Pipnat;Principale;Pipnat;10;Pipnat;10;2023;08;28;23;38;28/08/2023;23:38;28/08/2023;LAND5;10;41;150;8;0;0;41;0.000000;0.000000;
F:/denmark/denmark;LAND5_20230828_234339.wav;Pipnat;Principale;Pipnat;10;Pipnat;10;2023;08;28;23;43;28/08/2023;23:43;28/08/2023;LAND5;33;38;170;9;4;0;38;0.000000;0.000000;
F:/denmark/denmark;LAND5_20230828_234339.wav;ChiroSp;Principale;Pipnat;3;Pipnat;0;2023;08;28;23;43;28/08/2023;23:43;28/08/2023;LAND5;4;38;0;6;3;0;37;0.000000;0.000000;
F:/denmark/denmark;LAND5_20230828_234351.wav;Myosp;Principale;Myosp;10;Myodau;1;2023;08;28;23;43;28/08/2023;23:43;28/08/2023;LAND5;36;41;93;7;1;0;31;0.000000;0.000000;
F:/denmark/denmark;LAND5_20230806_022927.wav;Myosp;Principale;Myosp;10;Myodau;0;2023;08;06;02;29;06/08/2023;02:29;05/08/2023;LAND5;16;43;96;6;1;0;30;0.000000;0.000000;
F:/denmark/denmark;LAND5_20230829_003325.wav;ENVsp;Principale;ENVsp;10;Nyclei;1;2023;08;29;00;33;29/08/2023;00:33;28/08/2023;LAND5;11;23;438;10;1;0;23;0.000000;0.000000;
F:/denmark/denmark;LAND5_20230829_003325.wav;ENVsp;Principale;ENVsp;6;Nycnoc;0;2023;08;29;00;33;29/08/2023;00:33;28/08/2023;LAND5;23;23;0;9;7;1;22;0.000000;0.000000;
F:/denmark/denmark;LAND5_20230829_003325.wav;ChiroSp;Principale;ENVsp;3;Nyclei;3;2023;08;29;00;33;29/08/2023;00:33;28/08/2023;LAND5;6;23;0;10;4;0;23;0.000000;0.000000;
F:/denmark/denmark;LAND5_20230829_022720.wav;ENVsp;Principale;ENVsp;10;Eptser;1;2023;08;29;02;27;29/08/2023;02:27;28/08/2023;LAND5;22;26;189;7;0;0;26;0.000000;0.000000;
F:/denmark/denmark;LAND5_20230829_022720.wav;ChiroSp;Principale;Myosp;1;Myomyo;1;2023;08;29;02;27;29/08/2023;02:27;28/08/2023;LAND5;1;29;2810;3;3;0;27;0.000000;0.000000;
F:/denmark/denmark;LAND5_20230829_030046.wav;Pippyg;Principale;Pip50;10;Pippyg;10;2023;08;29;03;00;29/08/2023;03:00;28/08/2023;LAND5;13;55;84;4;1;0;54;0.000000;0.000000;
F:/denmark/denmark;LAND6-LOT1_20230819_032750.wav;PippiT;Principale;Pip50;10;PippiT;10;2023;08;19;03;27;19/08/2023;03:27;18/08/2023;LAND6-LOT1;54;49;67;8;2;5;49;0.000000;0.000000;
F:/denmark/denmark;LAND7-LOT1_20230703_015956.wav;parasi;Principale;parasi;10;parasi;10;2023;07;03;01;59;03/07/2023;01:59;02/07/2023;LAND7-LOT1;0;0;0;0;0;0;0;0.000000;0.000000;
F:/denmark/denmark;LAND7-LOT1_20230703_015956.wav;parasi;Principale;parasi;10;parasi;10;2023;07;03;01;59;03/07/2023;01:59;02/07/2023;LAND7-LOT1;0;0;0;0;0;0;0;0.000000;0.000000;
F:/denmark/denmark;LAND7-LOT1_20230703_015956.wav;parasi;Principale;parasi;10;parasi;10;2023;07;03;01;59;03/07/2023;01:59;02/07/2023;LAND7-LOT1;0;0;0;0;0;0;0;0.000000;0.000000;
F:/denmark/denmark;LAND8-LOT1_20230507_200529.wav;ENVsp;Principale;ENVsp;10;Eptser;4;2023;05;07;20;05;07/05/2023;20:05;07/05/2023;LAND8-LOT1;66;28;0;10;6;0;26;0.000000;0.000000;
F:/denmark/denmark;LAND8-LOT1_20230507_200529.wav;ENVsp;Principale;ENVsp;10;Eptser;3;2023;05;07;20;05;07/05/2023;20:05;07/05/2023;LAND8-LOT1;65;27;0;10;7;0;26;0.000000;0.000000;
F:/denmark/denmark;LAND8-LOT1_20230507_200529.wav;ENVsp;Principale;ENVsp;8;Eptser;2;2023;05;07;20;05;07/05/2023;20:05;07/05/2023;LAND8-LOT1;88;28;0;10;7;8;26;0.000000;0.000000;
F:/denmark/denmark;LAND8-LOT1_20230508_200613.wav;ChiroSp;Principale;ENVsp;4;Eptser;2;2023;05;08;20;06;08/05/2023;20:06;08/05/2023;LAND8-LOT1;41;29;129;8;2;0;28;0.000000;0.000000;
F:/denmark/denmark;LAND8-LOT1_20230508_200613.wav;ChiroSp;Principale;ENVsp;3;Eptser;1;2023;05;08;20;06;08/05/2023;20:06;08/05/2023;LAND8-LOT1;50;29;0;9;4;0;28;0.000000;0.000000;
F:/denmark/denmark;LAND8-LOT1_20230508_200613.wav;parasi;Principale;parasi;10;parasi;10;2023;05;08;20;06;08/05/2023;20:06;08/05/2023;LAND8-LOT1;0;0;0;0;0;0;0;0.000000;0.000000;
F:/denmark/denmark;LAND9-LOT1_20230510_015740.wav;Myosp;Principale;Myosp;10;Myodau;2;2023;05;10;01;57;10/05/2023;01:57;09/05/2023;LAND9-LOT1;40;44;93;6;0;0;29;0.000000;0.000000;
F:/denmark/denmark;LAND9-LOT1_20230510_015740.wav;Myosp;Principale;Myosp;10;Myodau;0;2023;05;10;01;57;10/05/2023;01:57;09/05/2023;LAND9-LOT1;18;42;97;5;0;0;29;0.000000;0.000000;
F:/denmark/denmark;LAND9-LOT1_20230605_024156.wav;parasi;Principale;parasi;10;parasi;10;2023;06;05;02;41;05/06/2023;02:41;04/06/2023;LAND9-LOT1;0;0;0;0;0;0;0;0.000000;0.000000;
F:/denmark/denmark;LAND6-LOT1_20230613_005416.wav;PippiT;Principale;Pip50;10;PippiT;10;2023;06;13;00;54;13/06/2023;00:54;12/06/2023;LAND6-LOT1;34;47;104;9;1;0;45;0.000000;0.000000;
F:/denmark/denmark;LAND6-LOT1_20230613_005416.wav;PippiT;Principale;Pip50;10;PippiT;10;2023;06;13;00;54;13/06/2023;00:54;12/06/2023;LAND6-LOT1;5;44;221;7;1;0;44;0.000000;0.000000;
F:/denmark/denmark;LAND8-LOT1_20230520_025141.wav;Nycnoc;Principale;ENVsp;6;Nycnoc;6;2023;05;20;02;51;20/05/2023;02:51;19/05/2023;LAND8-LOT1;12;20;0;7;5;0;17;0.000000;0.000000;
F:/denmark/denmark;LAND9-LOT1_20230615_210103.wav;ENVsp;Principale;ENVsp;7;Nyclei;2;2023;06;15;21;01;15/06/2023;21:01;15/06/2023;LAND9-LOT1;1;23;0;8;0;0;23;0.000000;0.000000;
F:/denmark/denmark;LOT1-ONBOARD_20230426_221445.wav;parasi;Principale;parasi;0;parasi;0;2023;04;26;22;14;26/04/2023;22:14;26/04/2023;LOT1-ONBOARD;3;11;34;7;4;0;10;0.000000;0.000000;
F:/denmark/denmark;LOT1-ONBOARD_20230426_221445.wav;parasi;Principale;parasi;3;parasi;3;2023;04;26;22;14;26/04/2023;22:14;26/04/2023;LOT1-ONBOARD;12;41;0;7;6;0;40;0.000000;0.000000;
F:/denmark/denmark;LOT1-ONBOARD_20230426_221445.wav;Pipnat;Principale;Pipnat;9;Pipnat;8;2023;04;26;22;14;26/04/2023;22:14;26/04/2023;LOT1-ONBOARD;15;41;123;7;6;0;40;0.000000;0.000000;
F:/denmark/denmark;LOT1-ONBOARD_20230427_191535.wav;parasi;Principale;parasi;2;parasi;2;2023;04;27;19;15;27/04/2023;19:15;27/04/2023;LOT1-ONBOARD;1;41;8996;6;2;0;40;0.000000;0.000000;
F:/denmark/denmark;LOT1-ONBOARD_20230427_191535.wav;ChiroSp;Principale;Pipnat;0;Pipnat;0;2023;04;27;19;15;27/04/2023;19:15;27/04/2023;LOT1-ONBOARD;2;41;0;5;2;0;41;0.000000;0.000000;
F:/denmark/denmark;LAND7-LOT1_20230908_203144.wav;parasi;Principale;parasi;3;parasi;3;2023;09;08;20;31;08/09/2023;20:31;08/09/2023;LAND7-LOT1;12;42;82;4;2;0;42;0.000000;0.000000;
F:/denmark/denmark;LAND7-LOT1_20230908_203144.wav;parasi;Principale;parasi;3;parasi;3;2023;09;08;20;31;08/09/2023;20:31;08/09/2023;LAND7-LOT1;10;42;80;4;1;0;41;0.000000;0.000000;
F:/denmark/denmark;LAND7-LOT1_20230908_203144.wav;parasi;Principale;parasi;4;parasi;4;2023;09;08;20;31;08/09/2023;20:31;08/09/2023;LAND7-LOT1;4;43;115;3;1;0;41;0.000000;0.000000;
F:/denmark/denmark;LOT1-ONBOARD_20230427_230920.wav;ChiroSp;Principale;Pipnat;0;Pipnat;0;2023;04;27;23;09;27/04/2023;23:09;27/04/2023;LOT1-ONBOARD;1;41;7334;5;2;0;41;0.000000;0.000000;
F:/denmark/denmark;LOT1-ONBOARD_20230518_011229.wav;parasi;Principale;parasi;10;parasi;10;2023;05;18;01;12;18/05/2023;01:12;17/05/2023;LOT1-ONBOARD;0;0;0;0;0;0;0;0.000000;0.000000;
F:/denmark/denmark;LOT1-ONBOARD_20230518_011229.wav;ChiroSp;Principale;Pipnat;0;Pipnat;0;2023;05;18;01;12;18/05/2023;01:12;17/05/2023;LOT1-ONBOARD;1;41;7068;5;1;0;41;0.000000;0.000000;
F:/denmark/denmark;LOT1-ONBOARD_20230518_011229.wav;ChiroSp;Principale;Pipnat;0;Pipnat;0;2023;05;18;01;12;18/05/2023;01:12;17/05/2023;LOT1-ONBOARD;1;41;4389;5;1;0;40;0.000000;0.000000;
F:/denmark/denmark;LOT1-ONBOARD_20240209_171136.wav;parasi;Principale;parasi;10;parasi;10;2024;02;09;17;11;09/02/2024;17:11;09/02/2024;LOT1-ONBOARD;0;0;0;0;0;0;0;0.000000;0.000000;
F:/denmark/denmark;MANDO_20240209_175826.wav;parasi;Principale;parasi;10;parasi;10;2024;02;09;17;58;09/02/2024;17:58;09/02/2024;MANDO;0;0;0;0;0;0;0;0.000000;0.000000;
F:/denmark/denmark;MANDO_20240209_175826.wav;parasi;Principale;parasi;10;parasi;10;2024;02;09;17;58;09/02/2024;17:58;09/02/2024;MANDO;0;0;0;0;0;0;0;0.000000;0.000000;
F:/denmark/denmark;MANDO_20241008_192538.wav;Pipnat;Principale;Pipnat;10;Pipnat;10;2024;10;08;19;25;08/10/2024;19:25;08/10/2024;MANDO;29;38;157;9;4;0;38;0.000000;0.000000;
F:/denmark/denmark;MANDO_20241008_192538.wav;Pipnat;Principale;Pipnat;10;Pipnat;10;2024;10;08;19;25;08/10/2024;19:25;08/10/2024;MANDO;6;37;272;6;1;0;37;0.000000;0.000000;
F:/denmark/denmark;LAND8-LOT1_20230508_195828.wav;Pipnat;Principale;Pipnat;10;Pipnat;10;2023;05;08;19;58;08/05/2023;19:58;08/05/2023;LAND8-LOT1;69;44;70;8;3;1;40;0.000000;0.000000;
F:/denmark/denmark;LAND8-LOT1_20230508_195828.wav;Pipnat;Principale;Pipnat;10;Pipnat;10;2023;05;08;19;58;08/05/2023;19:58;08/05/2023;LAND8-LOT1;40;42;0;10;4;0;39;0.000000;0.000000;
F:/denmark/denmark;MANDO_20241008_230440.wav;ENVsp;Principale;ENVsp;10;Eptser;2;2024;10;08;23;04;08/10/2024;23:04;08/10/2024;MANDO;16;27;252;9;0;0;26;0.000000;0.000000;
F:/denmark/denmark;MANDO_20241008_230440.wav;ENVsp;Principale;ENVsp;9;Eptser;0;2024;10;08;23;04;08/10/2024;23:04;08/10/2024;MANDO;15;26;232;10;0;0;25;0.000000;0.000000;
F:/denmark/denmark;MANDO_20241008_230440.wav;ChiroSp;Principale;Plesp;0;Pleaus;0;2024;10;08;23;04;08/10/2024;23:04;08/10/2024;MANDO;2;26;119;3;0;0;26;0.000000;0.000000;
F:/denmark/denmark;NS12_20230903_014740.wav;parasi;Principale;parasi;10;parasi;10;2023;09;03;01;47;03/09/2023;01:47;02/09/2023;NS12;0;0;0;0;0;0;0;0.000000;0.000000;
F:/denmark/denmark;NS12_20230903_014740.wav;parasi;Principale;parasi;10;parasi;10;2023;09;03;01;47;03/09/2023;01:47;02/09/2023;NS12;0;0;0;0;0;0;0;0.000000;0.000000;
F:/denmark/denmark;LAND9-LOT1_20230723_013850.wav;ENVsp;Principale;ENVsp;8;Eptser;2;2023;07;23;01;38;23/07/2023;01:38;22/07/2023;LAND9-LOT1;21;26;135;8;4;0;25;0.000000;0.000000;
F:/denmark/denmark;LAND9-LOT1_20230723_013850.wav;ENVsp;Principale;ENVsp;7;Eptser;0;2023;07;23;01;38;23/07/2023;01:38;22/07/2023;LAND9-LOT1;15;28;0;8;3;0;27;0.000000;0.000000;
F:/denmark/denmark;LAND9-LOT1_20230723_013850.wav;ChiroSp;Principale;ENVsp;5;Nyclei;0;2023;07;23;01;38;23/07/2023;01:38;22/07/2023;LAND9-LOT1;8;26;0;7;4;0;26;0.000000;0.000000;
F:/denmark/denmark;NS14_20230424_223244.wav;parasi;Principale;parasi;10;parasi;10;2023;04;24;22;32;24/04/2023;22:32;24/04/2023;NS14;0;0;0;0;0;0;0;0.000000;0.000000;
F:/denmark/denmark;NS14_20230808_025730.wav;parasi;Principale;parasi;10;parasi;10;2023;08;08;02;57;08/08/2023;02:57;07/08/2023;NS14;0;0;0;0;0;0;0;0.000000;0.000000;
F:/denmark/denmark;NS16_20230429_002326.wav;parasi;Principale;parasi;10;parasi;10;2023;04;29;00;23;29/04/2023;00:23;28/04/2023;NS16;0;0;0;0;0;0;0;0.000000;0.000000;
F:/denmark/denmark;NS16_20230429_002326.wav;parasi;Principale;parasi;3;parasi;3;2023;04;29;00;23;29/04/2023;00:23;28/04/2023;NS16;2;20;23;6;5;0;19;0.000000;0.000000;
F:/denmark/denmark;NS16_20230429_002326.wav;parasi;Principale;parasi;10;parasi;10;2023;04;29;00;23;29/04/2023;00:23;28/04/2023;NS16;0;0;0;0;0;0;0;0.000000;0.000000;
F:/denmark/denmark;NS19-LOT1_20230916_023448.wav;ChiroSp;Principale;Pipnat;3;Pipnat;3;2023;09;16;02;34;16/09/2023;02:34;15/09/2023;NS19-LOT1;73;44;0;6;2;1;41;0.000000;0.000000;
F:/denmark/denmark;NS19-LOT1_20230916_023448.wav;parasi;Principale;parasi;10;parasi;10;2023;09;16;02;34;16/09/2023;02:34;15/09/2023;NS19-LOT1;0;0;0;0;0;0;0;0.000000;0.000000;
F:/denmark/denmark;NS21_20230422_003040.wav;parasi;Principale;parasi;10;parasi;10;2023;04;22;00;30;22/04/2023;00:30;21/04/2023;NS21;0;0;0;0;0;0;0;0.000000;0.000000;
F:/denmark/denmark;NS21_20230422_003040.wav;parasi;Principale;parasi;10;parasi;10;2023;04;22;00;30;22/04/2023;00:30;21/04/2023;NS21;0;0;0;0;0;0;0;0.000000;0.000000;
F:/denmark/denmark;NS21_20230422_003040.wav;parasi;Principale;parasi;10;parasi;10;2023;04;22;00;30;22/04/2023;00:30;21/04/2023;NS21;0;0;0;0;0;0;0;0.000000;0.000000;
F:/denmark/denmark;NS21_20231222_032729.wav;parasi;Principale;parasi;10;parasi;10;2023;12;22;03;27;22/12/2023;03:27;21/12/2023;NS21;0;0;0;0;0;0;0;0.000000;0.000000;
F:/denmark/denmark;NS21_20231222_032729.wav;parasi;Principale;parasi;10;parasi;10;2023;12;22;03;27;22/12/2023;03:27;21/12/2023;NS21;0;0;0;0;0;0;0;0.000000;0.000000;
F:/denmark/denmark;NS24S_20230510_044303.wav;parasi;Principale;parasi;10;parasi;10;2023;05;10;04;43;10/05/2023;04:43;09/05/2023;NS24S;0;0;0;0;0;0;0;0.000000;0.000000;
F:/denmark/denmark;NS24S_20230510_044303.wav;parasi;Principale;parasi;10;parasi;10;2023;05;10;04;43;10/05/2023;04:43;09/05/2023;NS24S;0;0;0;0;0;0;0;0.000000;0.000000;
F:/denmark/denmark;NS24S_20230510_044303.wav;parasi;Principale;parasi;10;parasi;10;2023;05;10;04;43;10/05/2023;04:43;09/05/2023;NS24S;0;0;0;0;0;0;0;0.000000;0.000000;
F:/denmark/denmark;NS19_20230512_035323.wav;parasi;Principale;parasi;10;parasi;10;2023;05;12;03;53;12/05/2023;03:53;11/05/2023;NS19;0;0;0;0;0;0;0;0.000000;0.000000;
F:/denmark/denmark;NS19_20230512_035323.wav;parasi;Principale;parasi;10;parasi;10;2023;05;12;03;53;12/05/2023;03:53;11/05/2023;NS19;0;0;0;0;0;0;0;0.000000;0.000000;
F:/denmark/denmark;NS19_20230512_035323.wav;parasi;Principale;parasi;10;parasi;10;2023;05;12;03;53;12/05/2023;03:53;11/05/2023;NS19;1;10;2225;7;0;0;10;0.000000;0.000000;
F:/denmark/denmark;NS25_20240225_001129.wav;parasi;Principale;parasi;1;parasi;1;2024;02;25;00;11;25/02/2024;00:11;24/02/2024;NS25;2;46;0;1;1;0;22;0.000000;0.000000;
F:/denmark/denmark;NS25_20240225_001129.wav;parasi;Principale;parasi;10;parasi;10;2024;02;25;00;11;25/02/2024;00:11;24/02/2024;NS25;0;0;0;0;0;0;0;0.000000;0.000000;
F:/denmark/denmark;NS27S_20230515_015537.wav;parasi;Principale;parasi;2;parasi;2;2023;05;15;01;55;15/05/2023;01:55;14/05/2023;NS27S;6;25;0;6;5;0;22;0.000000;0.000000;
F:/denmark/denmark;NS27S_20230515_015537.wav;ChiroSp;Principale;Pipnat;2;Pipnat;2;2023;05;15;01;55;15/05/2023;01:55;14/05/2023;NS27S;4;39;0;6;7;0;39;0.000000;0.000000;
F:/denmark/denmark;NS27S_20230515_015537.wav;parasi;Principale;parasi;10;parasi;10;2023;05;15;01;55;15/05/2023;01:55;14/05/2023;NS27S;0;0;0;0;0;0;0;0.000000;0.000000;
F:/denmark/denmark;NS28S_20230419_223157.wav;parasi;Principale;parasi;10;parasi;10;2023;04;19;22;31;19/04/2023;22:31;19/04/2023;NS28S;0;0;0;0;0;0;0;0.000000;0.000000;
F:/denmark/denmark;NS28S_20230419_223157.wav;parasi;Principale;parasi;10;parasi;10;2023;04;19;22;31;19/04/2023;22:31;19/04/2023;NS28S;0;0;0;0;0;0;0;0.000000;0.000000;
F:/denmark/denmark;NS28S_20230419_223157.wav;parasi;Principale;parasi;10;parasi;10;2023;04;19;22;31;19/04/2023;22:31;19/04/2023;NS28S;0;0;0;0;0;0;0;0.000000;0.000000;
F:/denmark/denmark;NS28_20230827_214057.wav;Pipnat;Principale;Pipnat;10;Pipnat;10;2023;08;27;21;40;27/08/2023;21:40;27/08/2023;NS28;9;41;205;10;0;0;40;0.000000;0.000000;
F:/denmark/denmark;NS28_20230827_214057.wav;Pipnat;Principale;Pipnat;10;Pipnat;10;2023;08;27;21;40;27/08/2023;21:40;27/08/2023;NS28;10;41;281;10;1;0;39;0.000000;0.000000;
F:/denmark/denmark;NS28_20230827_214057.wav;parasi;Principale;parasi;10;parasi;10;2023;08;27;21;40;27/08/2023;21:40;27/08/2023;NS28;0;0;0;0;0;0;0;0.000000;0.000000;
F:/denmark/denmark;NS25_20230907_203558.wav;Pipnat;Principale;Pipnat;10;Pipnat;10;2023;09;07;20;35;07/09/2023;20:35;07/09/2023;NS25;40;40;0;9;4;0;38;0.000000;0.000000;
F:/denmark/denmark;NS25_20230907_203558.wav;parasi;Principale;parasi;10;parasi;10;2023;09;07;20;35;07/09/2023;20:35;07/09/2023;NS25;0;0;0;0;0;0;0;0.000000;0.000000;
F:/denmark/denmark;NS29_20230502_220323.wav;parasi;Principale;parasi;10;parasi;10;2023;05;02;22;03;02/05/2023;22:03;02/05/2023;NS29;0;0;0;0;0;0;0;0.000000;0.000000;
F:/denmark/denmark;NS29_20230502_220323.wav;parasi;Principale;parasi;10;parasi;10;2023;05;02;22;03;02/05/2023;22:03;02/05/2023;NS29;0;0;0;0;0;0;0;0.000000;0.000000;
F:/denmark/denmark;NS29_20230502_220323.wav;parasi;Principale;parasi;10;parasi;10;2023;05;02;22;03;02/05/2023;22:03;02/05/2023;NS29;0;0;0;0;0;0;0;0.000000;0.000000;
F:/denmark/denmark;NS31_20230510_220047.wav;parasi;Principale;parasi;10;parasi;10;2023;05;10;22;00;10/05/2023;22:00;10/05/2023;NS31;0;0;0;0;0;0;0;0.000000;0.000000;
F:/denmark/denmark;NS31_20230510_220047.wav;parasi;Principale;parasi;10;parasi;10;2023;05;10;22;00;10/05/2023;22:00;10/05/2023;NS31;0;0;0;0;0;0;0;0.000000;0.000000;
F:/denmark/denmark;NS31_20230510_220047.wav;parasi;Principale;parasi;10;parasi;10;2023;05;10;22;00;10/05/2023;22:00;10/05/2023;NS31;0;0;0;0;0;0;0;0.000000;0.000000;
F:/denmark/denmark;NS32S_20230416_221739.wav;parasi;Principale;parasi;10;parasi;10;2023;04;16;22;17;16/04/2023;22:17;16/04/2023;NS32S;0;0;0;0;0;0;0;0.000000;0.000000;
F:/denmark/denmark;NS32S_20230416_221739.wav;parasi;Principale;parasi;10;parasi;10;2023;04;16;22;17;16/04/2023;22:17;16/04/2023;NS32S;0;0;0;0;0;0;0;0.000000;0.000000;
F:/denmark/denmark;NS32S_20230416_221739.wav;parasi;Principale;parasi;10;parasi;10;2023;04;16;22;17;16/04/2023;22:17;16/04/2023;NS32S;0;0;0;0;0;0;0;0.000000;0.000000;
F:/denmark/denmark;NS30_20230831_222903.wav;Pipnat;Principale;Pipnat;10;Pipnat;10;2023;08;31;22;29;31/08/2023;22:29;31/08/2023;NS30;46;40;60;10;3;10;38;0.000000;0.000000;
F:/denmark/denmark;NS30_20230831_222903.wav;Pipnat;Principale;Pipnat;10;Pipnat;10;2023;08;31;22;29;31/08/2023;22:29;31/08/2023;NS30;15;36;105;10;3;0;36;0.000000;0.000000;
F:/denmark/denmark;NS30_20230831_222903.wav;parasi;Principale;parasi;10;parasi;10;2023;08;31;22;29;31/08/2023;22:29;31/08/2023;NS30;0;0;0;0;0;0;0;0.000000;0.000000;
F:/denmark/denmark;NS31_20230831_200539.wav;Pipnat;Principale;Pipnat;8;Pipnat;5;2023;08;31;20;05;31/08/2023;20:05;31/08/2023;NS31;2;40;0;5;6;0;40;0.000000;0.000000;
F:/denmark/denmark;NS31_20230831_200539.wav;Pipnat;Principale;Pipnat;10;Pipnat;10;2023;08;31;20;05;31/08/2023;20:05;31/08/2023;NS31;29;39;0;10;6;0;39;0.000000;0.000000;
F:/denmark/denmark;NS31_20230831_200539.wav;parasi;Principale;parasi;10;parasi;10;2023;08;31;20;05;31/08/2023;20:05;31/08/2023;NS31;0;0;0;0;0;0;0;0.000000;0.000000;
F:/denmark/denmark;NS33_20230420_052743.wav;parasi;Principale;parasi;10;parasi;10;2023;04;20;05;27;20/04/2023;05:27;19/04/2023;NS33;0;0;0;0;0;0;0;0.000000;0.000000;
F:/denmark/denmark;NS33_20230908_201636.wav;ChiroSp;Principale;ENVsp;2;Nyclei;2;2023;09;08;20;16;08/09/2023;20:16;08/09/2023;NS33;3;24;0;0;2;0;24;0.000000;0.000000;
F:/denmark/denmark;NS34_20230817_210801.wav;ChiroSp;Principale;Pip50;0;Pippyg;0;2023;08;17;21;08;17/08/2023;21:08;17/08/2023;NS34;2;56;118;6;1;0;56;0.000000;0.000000;
F:/denmark/denmark;NS34_20230817_210801.wav;Pippyg;Principale;Pip50;10;Pippyg;10;2023;08;17;21;08;17/08/2023;21:08;17/08/2023;NS34;14;58;0;9;1;0;56;0.000000;0.000000;
F:/denmark/denmark;NS34_20230817_210801.wav;parasi;Principale;parasi;10;parasi;10;2023;08;17;21;08;17/08/2023;21:08;17/08/2023;NS34;0;0;0;0;0;0;0;0.000000;0.000000;
F:/denmark/denmark;NS35_20230825_210618.wav;Pipnat;Principale;Pipnat;10;Pipnat;10;2023;08;25;21;06;25/08/2023;21:06;25/08/2023;NS35;5;40;131;6;1;0;39;0.000000;0.000000;
F:/denmark/denmark;NS35_20230825_210618.wav;Pipnat;Principale;Pipnat;10;Pipnat;10;2023;08;25;21;06;25/08/2023;21:06;25/08/2023;NS35;16;40;191;10;0;0;37;0.000000;0.000000;
F:/denmark/denmark;NS35_20230825_210618.wav;parasi;Principale;parasi;10;parasi;10;2023;08;25;21;06;25/08/2023;21:06;25/08/2023;NS35;0;0;0;0;0;0;0;0.000000;0.000000;
F:/denmark/denmark;NS6_20230909_001531.wav;Pipnat;Principale;Pipnat;10;Pipnat;10;2023;09;09;00;15;09/09/2023;00:15;08/09/2023;NS6;5;37;178;6;4;0;37;0.000000;0.000000;
F:/denmark/denmark;NS6_20230909_001531.wav;Pipnat;Principale;Pipnat;10;Pipnat;10;2023;09;09;00;15;09/09/2023;00:15;08/09/2023;NS6;20;38;80;7;9;0;38;0.000000;0.000000;
F:/denmark/denmark;NS6_20230909_001531.wav;parasi;Principale;parasi;10;parasi;10;2023;09;09;00;15;09/09/2023;00:15;08/09/2023;NS6;0;0;0;0;0;0;0;0.000000;0.000000;
F:/denmark/denmark;NS6-C_20230425_052617.wav;parasi;Principale;parasi;10;parasi;10;2023;04;25;05;26;25/04/2023;05:26;24/04/2023;NS6-C;0;0;0;0;0;0;0;0.000000;0.000000;
F:/denmark/denmark;NS6-C_20230425_052617.wav;parasi;Principale;parasi;10;parasi;10;2023;04;25;05;26;25/04/2023;05:26;24/04/2023;NS6-C;0;0;0;0;0;0;0;0.000000;0.000000;
F:/denmark/denmark;NS6-C_20230425_052617.wav;parasi;Principale;parasi;10;parasi;10;2023;04;25;05;26;25/04/2023;05:26;24/04/2023;NS6-C;0;0;0;0;0;0;0;0.000000;0.000000;
F:/denmark/denmark;NYMND-PLTG_20231011_194825.wav;ChiroSp;Principale;Myosp;5;Myobec;2;2023;10;11;19;48;11/10/2023;19:48;11/10/2023;NYMND-PLTG;22;38;0;8;1;0;34;0.000000;0.000000;
F:/denmark/denmark;NYMND-PLTG_20241009_221309.wav;Pipnat;Principale;Pipnat;10;Pipnat;10;2024;10;09;22;13;09/10/2024;22:13;09/10/2024;NYMND-PLTG;53;40;35;10;4;10;38;0.000000;0.000000;
F:/denmark/denmark;NYMND-PLTG_20241009_221309.wav;Pipnat;Principale;Pipnat;10;Pipnat;10;2024;10;09;22;13;09/10/2024;22:13;09/10/2024;NYMND-PLTG;7;37;198;8;0;0;37;0.000000;0.000000;
F:/denmark/denmark;NYMND-PLTG_20241023_014715.wav;Pippyg;Principale;Pip50;10;Pippyg;6;2024;10;23;01;47;23/10/2024;01:47;22/10/2024;NYMND-PLTG;40;53;79;9;2;0;51;0.000000;0.000000;
F:/denmark/denmark;NYMND-PLTG_20241023_014715.wav;ChiroSp;Principale;Pip50;0;PippiT;0;2024;10;23;01;47;23/10/2024;01:47;22/10/2024;NYMND-PLTG;2;53;90;5;0;0;51;0.000000;0.000000;
F:/denmark/denmark;NYMND-PLTG_20241023_040457.wav;ChiroSp;Principale;Myosp;5;Myodas;5;2024;10;23;04;04;23/10/2024;04:04;22/10/2024;NYMND-PLTG;33;35;86;9;0;0;33;0.000000;0.000000;
F:/denmark/denmark;NYMND-PLTG_20241023_040457.wav;ChiroSp;Principale;Myosp;1;Myodas;1;2024;10;23;04;04;23/10/2024;04:04;22/10/2024;NYMND-PLTG;1;34;765;5;2;0;33;0.000000;0.000000;
F:/denmark/denmark;NS35_20230427_033705.wav;parasi;Principale;parasi;10;parasi;10;2023;04;27;03;37;27/04/2023;03:37;26/04/2023;NS35;0;0;0;0;0;0;0;0.000000;0.000000;
F:/denmark/denmark;NS35_20230427_033705.wav;parasi;Principale;parasi;10;parasi;10;2023;04;27;03;37;27/04/2023;03:37;26/04/2023;NS35;0;0;0;0;0;0;0;0.000000;0.000000;
F:/denmark/denmark;NS35_20230427_033705.wav;parasi;Principale;parasi;10;parasi;10;2023;04;27;03;37;27/04/2023;03:37;26/04/2023;NS35;0;0;0;0;0;0;0;0.000000;0.000000;
F:/denmark/denmark;NYMND-PLTG_20241010_045358.wav;Myosp;Principale;Myosp;10;Myobec;3;2024;10;10;04;53;10/10/2024;04:53;09/10/2024;NYMND-PLTG;44;37;102;9;0;0;25;0.000000;0.000000;
F:/denmark/denmark;NYMND-PLTG_20241010_045358.wav;Myosp;Principale;Myosp;7;Myobec;3;2024;10;10;04;53;10/10/2024;04:53;09/10/2024;NYMND-PLTG;16;37;96;9;0;0;26;0.000000;0.000000;
F:/denmark/denmark;NYMND-PLTG_20241025_220930.wav;ENVsp;Principale;ENVsp;10;Eptser;3;2024;10;25;22;09;25/10/2024;22:09;25/10/2024;NYMND-PLTG;6;24;289;7;0;0;23;0.000000;0.000000;
F:/denmark/denmark;REJSBY_20231105_173556.wav;parasi;Principale;parasi;10;parasi;10;2023;11;05;17;35;05/11/2023;17:35;05/11/2023;REJSBY;0;0;0;0;0;0;0;0.000000;0.000000;
F:/denmark/denmark;NYMND-PLTG_20241023_180614.wav;ChiroSp;Principale;Myosp;3;Myodau;2;2024;10;23;18;06;23/10/2024;18:06;23/10/2024;NYMND-PLTG;30;38;183;7;1;0;29;0.000000;0.000000;
F:/denmark/denmark;NYMND-PLTG_20241023_180614.wav;ChiroSp;Principale;Myosp;0;Myodas;0;2024;10;23;18;06;23/10/2024;18:06;23/10/2024;NYMND-PLTG;3;37;99;6;0;0;28;0.000000;0.000000;
F:/denmark/denmark;REJSBY_20240403_203640.wav;parasi;Principale;parasi;10;parasi;10;2024;04;03;20;36;03/04/2024;20:36;03/04/2024;REJSBY;0;0;0;0;0;0;0;0.000000;0.000000;
F:/denmark/denmark;REJSBY_20240403_203640.wav;parasi;Principale;parasi;10;parasi;10;2024;04;03;20;36;03/04/2024;20:36;03/04/2024;REJSBY;0;0;0;0;0;0;0;0.000000;0.000000;
F:/denmark/denmark;REJSBY_20250329_215116.wav;ChiroSp;Principale;Myosp;4;Myobra;0;2025;03;29;21;51;29/03/2025;21:51;29/03/2025;REJSBY;38;44;0;5;2;0;40;0.000000;0.000000;
F:/denmark/denmark;REJSBY_20250401_205222.wav;ChiroSp;Principale;Myosp;4;Myobra;0;2025;04;01;20;52;01/04/2025;20:52;01/04/2025;REJSBY;61;44;0;7;2;0;40;0.000000;0.000000;
F:/denmark/denmark;REJSBY_20250401_205222.wav;ChiroSp;Principale;Pipnat;2;Pipnat;1;2025;04;01;20;52;01/04/2025;20:52;01/04/2025;REJSBY;1;43;553;5;0;0;42;0.000000;0.000000;
F:/denmark/denmark;REJSBY_20250329_190949.wav;PippiT;Principale;Pip50;10;PippiT;10;2025;03;29;19;09;29/03/2025;19:09;29/03/2025;REJSBY;83;49;64;6;2;0;47;0.000000;0.000000;
F:/denmark/denmark;REJSBY_20250329_190949.wav;PippiT;Principale;Pip50;10;PippiT;10;2025;03;29;19;09;29/03/2025;19:09;29/03/2025;REJSBY;120;50;0;6;0;2;47;0.000000;0.000000;
F:/denmark/denmark;REJSBY_20250329_190949.wav;PippiT;Principale;Pip50;10;PippiT;10;2025;03;29;19;09;29/03/2025;19:09;29/03/2025;REJSBY;123;50;0;5;1;0;47;0.000000;0.000000;
F:/denmark/denmark;REJSBY_20250401_195326.wav;PippiT;Principale;Pip50;10;PippiT;10;2025;04;01;19;53;01/04/2025;19:53;01/04/2025;REJSBY;61;51;0;5;1;0;49;0.000000;0.000000;
F:/denmark/denmark;REJSBY_20250401_195326.wav;PippiT;Principale;Pip50;10;PippiT;10;2025;04;01;19;53;01/04/2025;19:53;01/04/2025;REJSBY;16;47;144;7;1;0;47;0.000000;0.000000;
F:/denmark/denmark;REJSBY_20250402_012558.wav;Myosp;Principale;Myosp;10;Myodau;0;2025;04;02;01;25;02/04/2025;01:25;01/04/2025;REJSBY;34;40;0;7;1;0;34;0.000000;0.000000;
F:/denmark/denmark;REJSBY_20250402_012558.wav;Myosp;Principale;Myosp;10;Myodau;0;2025;04;02;01;25;02/04/2025;01:25;01/04/2025;REJSBY;34;40;0;6;1;0;36;0.000000;0.000000;
F:/denmark/denmark;REJSBY_20250402_183605.wav;PippiT;Principale;Pip50;10;PippiT;10;2025;04;02;18;36;02/04/2025;18:36;02/04/2025;REJSBY;35;48;82;6;0;0;47;0.000000;0.000000;
F:/denmark/denmark;REJSBY_20250402_183605.wav;PippiT;Principale;Pip50;10;PippiT;10;2025;04;02;18;36;02/04/2025;18:36;02/04/2025;REJSBY;76;48;0;6;1;0;47;0.000000;0.000000;
F:/denmark/denmark;REJSBY_20250403_002250.wav;Plesp;Principale;Plesp;9;Pleaur;4;2025;04;03;00;22;03/04/2025;00:22;02/04/2025;REJSBY;13;23;324;6;7;0;14;0.000000;0.000000;
F:/denmark/denmark;REJSBY_20250403_002250.wav;Plesp;Principale;Plesp;10;Pleaur;1;2025;04;03;00;22;03/04/2025;00:22;02/04/2025;REJSBY;5;26;0;7;3;0;19;0.000000;0.000000;
F:/denmark/denmark;ROEMOE_20230708_012550.wav;Eptser;Principale;ENVsp;10;Eptser;6;2023;07;08;01;25;08/07/2023;01:25;07/07/2023;ROEMOE;16;23;279;10;0;0;23;0.000000;0.000000;
F:/denmark/denmark;ROEMOE_20230708_012550.wav;Eptser;Principale;ENVsp;10;Eptser;7;2023;07;08;01;25;08/07/2023;01:25;07/07/2023;ROEMOE;6;23;287;8;1;0;23;0.000000;0.000000;
F:/denmark/denmark;REJSBY_20250403_030007.wav;Myosp;Principale;Myosp;8;Myobec;2;2025;04;03;03;00;03/04/2025;03:00;02/04/2025;REJSBY;46;39;90;6;3;1;34;0.000000;0.000000;
F:/denmark/denmark;REJSBY_20250403_030007.wav;ChiroSp;Principale;Myosp;4;Myobec;1;2025;04;03;03;00;03/04/2025;03:00;02/04/2025;REJSBY;38;38;92;5;2;0;35;0.000000;0.000000;
F:/denmark/denmark;ROEMOE_20230726_210355.wav;ChiroSp;Principale;ENVsp;0;Eptser;0;2023;07;26;21;03;26/07/2023;21:03;26/07/2023;ROEMOE;2;27;82;4;3;0;27;0.000000;0.000000;
F:/denmark/denmark;ROEMOE_20230726_210355.wav;parasi;Principale;parasi;10;parasi;10;2023;07;26;21;03;26/07/2023;21:03;26/07/2023;ROEMOE;0;0;0;0;0;0;0;0.000000;0.000000;
F:/denmark/denmark;ROEMOE_20230807_022813.wav;parasi;Principale;parasi;10;parasi;10;2023;08;07;02;28;07/08/2023;02:28;06/08/2023;ROEMOE;0;0;0;0;0;0;0;0.000000;0.000000;
F:/denmark/denmark;ROEMOE_20230810_213203.wav;ENVsp;Principale;ENVsp;7;Eptser;1;2023;08;10;21;32;10/08/2023;21:32;10/08/2023;ROEMOE;46;29;93;6;5;0;28;0.000000;0.000000;
F:/denmark/denmark;ROEMOE_20230810_213203.wav;ChiroSp;Principale;ENVsp;0;Eptser;0;2023;08;10;21;32;10/08/2023;21:32;10/08/2023;ROEMOE;44;29;96;7;8;4;28;0.000000;0.000000;
F:/denmark/denmark;ROEMOE_20230810_213203.wav;ChiroSp;Principale;ENVsp;2;Eptser;0;2023;08;10;21;32;10/08/2023;21:32;10/08/2023;ROEMOE;31;29;128;6;2;0;28;0.000000;0.000000;
F:/denmark/denmark;ROEMOE_20231208_210038.wav;parasi;Principale;parasi;10;parasi;10;2023;12;08;21;00;08/12/2023;21:00;08/12/2023;ROEMOE;0;0;0;0;0;0;0;0.000000;0.000000;
F:/denmark/denmark;ROEMOE_20231208_210038.wav;parasi;Principale;parasi;10;parasi;10;2023;12;08;21;00;08/12/2023;21:00;08/12/2023;ROEMOE;0;0;0;0;0;0;0;0.000000;0.000000;
F:/denmark/denmark;ROEMOE_20240221_194911.wav;parasi;Principale;parasi;10;parasi;10;2024;02;21;19;49;21/02/2024;19:49;21/02/2024;ROEMOE;0;0;0;0;0;0;0;0.000000;0.000000;
F:/denmark/denmark;ROEMOE_20240221_194911.wav;parasi;Principale;parasi;10;parasi;10;2024;02;21;19;49;21/02/2024;19:49;21/02/2024;ROEMOE;0;0;0;0;0;0;0;0.000000;0.000000;
F:/denmark/denmark;ROEMOE_20240221_194911.wav;parasi;Principale;parasi;10;parasi;10;2024;02;21;19;49;21/02/2024;19:49;21/02/2024;ROEMOE;0;0;0;0;0;0;0;0.000000;0.000000;
F:/denmark/denmark;ROEMOE_20241007_230059.wav;Pipnat;Principale;Pipnat;8;Pipnat;8;2024;10;07;23;00;07/10/2024;23:00;07/10/2024;ROEMOE;43;42;93;10;5;0;41;0.000000;0.000000;
F:/denmark/denmark;ROEMOE_20241007_230059.wav;Pipnat;Principale;Pipnat;10;Pipnat;10;2024;10;07;23;00;07/10/2024;23:00;07/10/2024;ROEMOE;22;41;132;10;2;0;41;0.000000;0.000000;
F:/denmark/denmark;ROEMOE_20241007_230059.wav;Pipnat;Principale;Pipnat;9;Pipnat;8;2024;10;07;23;00;07/10/2024;23:00;07/10/2024;ROEMOE;4;41;185;7;1;0;41;0.000000;0.000000;
F:/denmark/denmark;SKAGEN_20230728_025032.wav;parasi;Principale;parasi;10;parasi;10;2023;07;28;02;50;28/07/2023;02:50;27/07/2023;SKAGEN;0;0;0;0;0;0;0;0.000000;0.000000;
F:/denmark/denmark;ROEMOE_20241008_040015.wav;ChiroSp;Principale;Pip50;3;PippiT;3;2024;10;08;04;00;08/10/2024;04:00;07/10/2024;ROEMOE;7;42;179;5;3;0;42;0.000000;0.000000;
F:/denmark/denmark;SKAGEN_20231019_163226.wav;ChiroSp;Principale;Myosp;0;Myobra;0;2023;10;19;16;32;19/10/2023;16:32;19/10/2023;SKAGEN;1;37;103;2;0;0;36;0.000000;0.000000;
F:/denmark/denmark;SKAGEN_20240103_211549.wav;parasi;Principale;parasi;10;parasi;10;2024;01;03;21;15;03/01/2024;21:15;03/01/2024;SKAGEN;0;0;0;0;0;0;0;0.000000;0.000000;
F:/denmark/denmark;SKAGEN_20240103_211549.wav;parasi;Principale;parasi;10;parasi;10;2024;01;03;21;15;03/01/2024;21:15;03/01/2024;SKAGEN;0;0;0;0;0;0;0;0.000000;0.000000;
F:/denmark/denmark;SKJERN_20250407_201527.wav;Myosp;Principale;Myosp;7;Myobec;1;2025;04;07;20;15;07/04/2025;20:15;07/04/2025;SKJERN;26;40;191;7;0;0;31;0.000000;0.000000;
F:/denmark/denmark;SKJERN_20250407_201527.wav;ChiroSp;Principale;Myosp;1;Myodau;1;2025;04;07;20;15;07/04/2025;20:15;07/04/2025;SKJERN;1;41;306;3;2;0;32;0.000000;0.000000;
F:/denmark/denmark;SKJERN_20250409_221312.wav;ChiroSp;Principale;Pipnat;5;Pipnat;0;2025;04;09;22;13;09/04/2025;22:13;09/04/2025;SKJERN;2;35;0;5;0;0;35;0.000000;0.000000;
F:/denmark/denmark;NYMND-PLTG_20241023_170621.wav;Myodas;Principale;Myosp;10;Myodas;10;2024;10;23;17;06;23/10/2024;17:06;23/10/2024;NYMND-PLTG;32;35;112;10;2;0;33;0.000000;0.000000;
F:/denmark/denmark;NYMND-PLTG_20241023_170621.wav;ChiroSp;Principale;Myosp;5;Myodas;5;2024;10;23;17;06;23/10/2024;17:06;23/10/2024;NYMND-PLTG;25;35;98;10;3;0;33;0.000000;0.000000;
F:/denmark/denmark;SKJERN_20240221_214349.wav;parasi;Principale;parasi;10;parasi;10;2024;02;21;21;43;21/02/2024;21:43;21/02/2024;SKJERN;0;0;0;0;0;0;0;0.000000;0.000000;
F:/denmark/denmark;STADILOE_20240102_224359.wav;parasi;Principale;parasi;1;parasi;1;2024;01;02;22;43;02/01/2024;22:43;02/01/2024;STADILOE;1;47;0;4;1;0;47;0.000000;0.000000;
F:/denmark/denmark;STADILOE_20240102_224359.wav;parasi;Principale;parasi;10;parasi;10;2024;01;02;22;43;02/01/2024;22:43;02/01/2024;STADILOE;0;0;0;0;0;0;0;0.000000;0.000000;
F:/denmark/denmark;STADILOE_20240102_224359.wav;parasi;Principale;parasi;10;parasi;10;2024;01;02;22;43;02/01/2024;22:43;02/01/2024;STADILOE;0;0;0;0;0;0;0;0.000000;0.000000;
F:/denmark/denmark;STADILO_20250402_213551.wav;Pipnat;Principale;Pipnat;10;Pipnat;10;2025;04;02;21;35;02/04/2025;21:35;02/04/2025;STADILO;18;38;187;7;1;0;38;0.000000;0.000000;
F:/denmark/denmark;STADILO_20250402_213551.wav;Pipnat;Principale;Pipnat;10;Pipnat;5;2025;04;02;21;35;02/04/2025;21:35;02/04/2025;STADILO;2;38;387;5;0;0;38;0.000000;0.000000;
F:/denmark/denmark;STADILOE_20240321_221150.wav;parasi;Principale;parasi;10;parasi;10;2024;03;21;22;11;21/03/2024;22:11;21/03/2024;STADILOE;0;0;0;0;0;0;0;0.000000;0.000000;
F:/denmark/denmark;STADILOE_20240321_221150.wav;parasi;Principale;parasi;10;parasi;10;2024;03;21;22;11;21/03/2024;22:11;21/03/2024;STADILOE;0;0;0;0;0;0;0;0.000000;0.000000;
F:/denmark/denmark;STADILO_20250402_211359.wav;Pipnat;Principale;Pipnat;10;Pipnat;10;2025;04;02;21;13;02/04/2025;21:13;02/04/2025;STADILO;30;41;171;9;2;0;39;0.000000;0.000000;
F:/denmark/denmark;STADILO_20250402_211359.wav;Pipnat;Principale;Pipnat;10;Pipnat;10;2025;04;02;21;13;02/04/2025;21:13;02/04/2025;STADILO;42;41;96;8;2;0;40;0.000000;0.000000;
F:/denmark/denmark;STADILO_20250402_211359.wav;Pipnat;Principale;Pipnat;10;Pipnat;10;2025;04;02;21;13;02/04/2025;21:13;02/04/2025;STADILO;32;41;152;10;2;0;38;0.000000;0.000000;
F:/denmark/denmark;STADILO_20250402_214504.wav;ChiroSp;Principale;Myosp;1;Myodau;0;2025;04;02;21;45;02/04/2025;21:45;02/04/2025;STADILO;41;46;80;6;2;0;39;0.000000;0.000000;
F:/denmark/denmark;STADILO_20250403_013233.wav;Myosp;Principale;Myosp;10;Myomys;3;2025;04;03;01;32;03/04/2025;01:32;02/04/2025;STADILO;63;47;89;5;0;0;30;0.000000;0.000000;
F:/denmark/denmark;STADILO_20250403_013233.wav;Myosp;Principale;Myosp;6;Myobra;0;2025;04;03;01;32;03/04/2025;01:32;02/04/2025;STADILO;21;43;0;5;1;0;31;0.000000;0.000000;
F:/denmark/denmark;STADILO_20250402_220825.wav;ChiroSp;Principale;Myosp;4;Myomys;2;2025;04;02;22;08;02/04/2025;22:08;02/04/2025;STADILO;66;47;52;6;2;2;39;0.000000;0.000000;
F:/denmark/denmark;STADILO_20250402_221721.wav;Pipnat;Principale;Pipnat;10;Pipnat;9;2025;04;02;22;17;02/04/2025;22:17;02/04/2025;STADILO;19;41;188;7;2;0;39;0.000000;0.000000;
F:/denmark/denmark;STADILO_20250402_221721.wav;Pipnat;Principale;Pipnat;10;Pipnat;7;2025;04;02;22;17;02/04/2025;22:17;02/04/2025;STADILO;6;38;0;6;5;0;38;0.000000;0.000000;
F:/denmark/denmark;STADILO_20250402_232001.wav;Myosp;Principale;Myosp;9;Myobec;1;2025;04;02;23;20;02/04/2025;23:20;02/04/2025;STADILO;17;45;107;5;0;0;37;0.000000;0.000000;
F:/denmark/denmark;T3-NS26-C_20230502_021917.wav;parasi;Principale;parasi;10;parasi;10;2023;05;02;02;19;02/05/2023;02:19;01/05/2023;T3-NS26-C;0;0;0;0;0;0;0;0.000000;0.000000;
F:/denmark/denmark;T3-NS26-C_20230502_021917.wav;parasi;Principale;parasi;10;parasi;10;2023;05;02;02;19;02/05/2023;02:19;01/05/2023;T3-NS26-C;0;0;0;0;0;0;0;0.000000;0.000000;
F:/denmark/denmark;T3-NS26-C_20230502_021917.wav;parasi;Principale;parasi;10;parasi;10;2023;05;02;02;19;02/05/2023;02:19;01/05/2023;T3-NS26-C;0;0;0;0;0;0;0;0.000000;0.000000;
F:/denmark/denmark;SKJERN_20231110_191255.wav;parasi;Principale;parasi;10;parasi;10;2023;11;10;19;12;10/11/2023;19:12;10/11/2023;SKJERN;0;0;0;0;0;0;0;0.000000;0.000000;
F:/denmark/denmark;SKJERN_20231110_191255.wav;parasi;Principale;parasi;10;parasi;10;2023;11;10;19;12;10/11/2023;19:12;10/11/2023;SKJERN;0;0;0;0;0;0;0;0.000000;0.000000;
F:/denmark/denmark;SKJERN_20231110_191255.wav;parasi;Principale;parasi;10;parasi;10;2023;11;10;19;12;10/11/2023;19:12;10/11/2023;SKJERN;0;0;0;0;0;0;0;0.000000;0.000000;
F:/denmark/denmark;T3-NS26C_20230907_201147.wav;ChiroSp;Principale;ENVsp;2;Nycnoc;2;2023;09;07;20;11;07/09/2023;20:11;07/09/2023;T3-NS26C;3;21;0;0;0;0;21;0.000000;0.000000;
F:/denmark/denmark;T3-NS26C_20230907_201147.wav;parasi;Principale;parasi;10;parasi;10;2023;09;07;20;11;07/09/2023;20:11;07/09/2023;T3-NS26C;0;0;0;0;0;0;0;0.000000;0.000000;
F:/denmark/denmark;T3-NS26C_20230907_201147.wav;parasi;Principale;parasi;10;parasi;10;2023;09;07;20;11;07/09/2023;20:11;07/09/2023;T3-NS26C;0;0;0;0;0;0;0;0.000000;0.000000;